mean_intensity,std_intensity,min_intensity,max_intensity,median_intensity,dark_pixel_ratio,bright_pixel_ratio,blackhat_mean,blackhat_std,blackhat_max,threshold_pixel_ratio,edge_density,p10,p25,p75,p90,label,image_name
122.09614656409438,38.01434479318785,0,255,121.0,0.01633250956632653,0.02667610012755102,0.11119421,0.078719765,0.5411765,0.14040577168367346,0.3616519850127551,74.0,95.0,147.0,172.0,1,IMG_20180513_164959951_HDR resized_448.jpg
131.82270408163265,29.31914817465379,0,255,133.0,0.006741270727040816,0.01175860969387755,0.07994475,0.060100354,0.45490196,0.04723373724489796,0.3277114556760204,95.0,114.0,150.0,167.0,1,IMG_20180513_165129852_HDR resized_448.jpg
121.17121731505102,35.572562853952114,0,255,120.0,0.02499202806122449,0.020712093431122448,0.09616941,0.08379954,0.6392157,0.11948939732142858,0.31482680963010207,77.0,100.0,141.0,168.0,1,IMG_20180513_165150613_HDR resized_448.jpg
130.11770069355867,32.74508597751128,1,255,131.0,0.008888711734693877,0.014917490433673469,0.09718825,0.0682271,0.53333336,0.08514030612244898,0.35708306760204084,88.0,108.0,152.0,170.0,1,IMG_20180513_165345878_HDR resized_448.jpg
131.07999840561226,33.19935636967932,0,255,132.0,0.009740712691326531,0.016790896045918366,0.099384286,0.07066855,0.53333336,0.0950504225127551,0.3573371731505102,88.0,109.0,153.0,172.0,1,IMG_20180513_165349788_HDR resized_448.jpg
136.03039799904337,32.54933870977225,0,255,138.0,0.01132015306122449,0.018265704719387755,0.09369265,0.07033391,0.54901963,0.08513532366071429,0.3374870455994898,95.0,117.0,157.0,174.0,1,IMG_20180513_165353081_HDR resized_448.jpg
129.53543028539542,28.44351546666485,2,255,132.0,0.006188217474489796,0.009984853316326531,0.075336345,0.054572005,0.4862745,0.030069156568877552,0.31980428890306123,93.0,113.0,148.0,161.0,1,IMG_20180513_165451567_HDR resized_448.jpg
123.32829938616071,27.840251523943287,0,255,125.0,0.009092992665816327,0.008091517857142858,0.078167476,0.055530448,0.68235296,0.032839405293367346,0.32358597735969385,88.0,107.0,140.0,154.0,1,IMG_20180513_165455803_HDR resized_448.jpg
125.12835319674745,26.41693330235999,0,254,127.0,0.006641621492346939,0.0067014110331632655,0.0699082,0.049197376,0.5176471,0.018534757653061226,0.310726243622449,92.0,110.0,142.0,154.0,1,IMG_20180513_165500303_HDR resized_448.jpg
128.9655213647959,34.28086044161099,0,255,132.0,0.01718949298469388,0.014075454400510204,0.08395882,0.063773416,0.43529412,0.060581752232142856,0.3217673788265306,83.0,108.0,152.0,169.0,1,IMG_20180513_165512488_HDR resized_448.jpg
125.14559251434949,30.31181577319385,0,255,126.0,0.010846819196428572,0.00836555325255102,0.077515304,0.05644553,0.4745098,0.037278778698979595,0.3219467474489796,86.0,107.0,144.0,162.0,1,IMG_20180513_165515651_HDR resized_448.jpg
125.30229591836735,28.733487547993946,0,255,126.0,0.009003308354591837,0.006123445471938775,0.06809255,0.04953708,0.4117647,0.01927216198979592,0.3169692681760204,89.0,108.0,143.0,159.0,1,IMG_20180513_165521775_HDR resized_448.jpg
126.38171635841837,29.222190089488162,0,255,128.0,0.007453762755102041,0.00692562181122449,0.07778187,0.058251992,0.47843137,0.040582150829081634,0.32724310427295916,88.0,108.0,146.0,161.0,1,IMG_20180513_165533492_HDR resized_448.jpg
123.01300920758929,31.370245778407586,0,255,124.0,0.013806401466836735,0.010413345025510204,0.08464448,0.06522858,0.64705884,0.05761220503826531,0.33009805484693877,84.0,104.0,142.0,161.0,1,IMG_20180513_165538350_HDR resized_448.jpg
120.40689273756378,26.24201508859658,2,254,119.0,0.0036073022959183672,0.005645129145408163,0.05113518,0.038817283,0.41960785,0.005660076530612245,0.2353515625,89.0,103.0,136.0,153.0,1,IMG_20180513_165547907_HDR resized_448.jpg
129.1435696348852,32.54449190705816,1,255,130.0,0.009451729910714286,0.011105907206632654,0.10090765,0.072187096,0.7058824,0.10546376753826531,0.3512386399872449,86.0,108.0,151.0,169.0,1,IMG_20180513_165706718_HDR resized_448.jpg
129.98327885841837,33.63299453998656,0,255,133.0,0.016506895727040817,0.012132294323979591,0.10451393,0.07706691,0.58431375,0.11983816964285714,0.3435855787627551,85.0,110.0,152.0,170.0,1,IMG_20180513_165710583_HDR resized_448.jpg
123.35762615593113,30.21211711919125,2,255,123.0,0.0074587452168367345,0.013402822066326531,0.068436146,0.053389642,0.654902,0.02224170918367347,0.3148218271683674,86.0,105.0,141.0,159.0,1,IMG_20180513_165717627_HDR resized_448.jpg
126.54556959502551,29.422398968938474,0,254,127.0,0.00794204400510204,0.00818618463010204,0.08066424,0.06254295,0.4627451,0.055908203125,0.3118921396683674,90.0,109.0,145.0,163.0,1,IMG_20180513_165733359_HDR resized_448.jpg
124.8935845822704,28.879883622873756,0,255,125.0,0.007538464604591837,0.007254464285714286,0.073937826,0.058472354,0.42745098,0.041294642857142856,0.29831991390306123,89.0,107.0,143.0,161.0,1,IMG_20180513_165741688_HDR resized_448.jpg
128.08677953603316,29.468275700555935,1,255,129.0,0.00661670918367347,0.00603874362244898,0.07582785,0.05744351,0.5254902,0.0397102200255102,0.3125149473852041,90.0,109.0,148.0,164.0,1,IMG_20180513_165749116_HDR resized_448.jpg
129.50777762276786,25.284313823511276,0,255,131.0,0.00412547831632653,0.00457389987244898,0.06531003,0.046263684,0.5647059,0.012266820790816327,0.30130440848214285,97.0,115.0,146.0,159.0,1,IMG_20180513_170350654_HDR resized_448.jpg
130.93840680803572,22.301934856747216,0,255,133.0,0.002102598852040816,0.0027851961096938774,0.05270054,0.036345273,0.40784314,0.002815090880102041,0.244140625,103.0,119.0,145.0,156.0,1,IMG_20180513_170357440_HDR resized_448.jpg
125.63300681600765,24.19959880793392,0,255,127.0,0.0042948820153061226,0.007364078443877551,0.050785705,0.037468098,0.56078434,0.005485690369897959,0.22142558195153061,96.0,112.0,140.0,152.0,1,IMG_20180513_170406108_HDR resized_448.jpg
126.4061055086097,22.12934366752619,0,255,126.0,0.0011409837372448979,0.0035923549107142855,0.05476171,0.039135702,0.49019608,0.003338249362244898,0.26185825892857145,99.0,113.0,140.0,153.0,1,IMG_20180513_170430826_HDR resized_448.jpg
115.22421077806122,23.476416512520565,2,254,115.0,0.0031140385841836736,0.0034727758290816328,0.06017186,0.04361015,0.56078434,0.006267936862244898,0.26853475765306123,86.0,100.0,130.0,143.0,1,IMG_20180513_170453882_HDR resized_448.jpg
112.97772839604592,21.948299937052195,1,255,113.0,0.0034329161352040817,0.002162388392857143,0.05409854,0.038988043,0.41568628,0.0038414779974489796,0.24950175382653061,86.0,100.0,126.0,139.0,1,IMG_20180513_170500983_HDR resized_448.jpg
116.37380420918367,24.445832794092787,3,255,117.0,0.003951092155612245,0.0035774075255102043,0.06866869,0.04970164,0.36862746,0.017637914540816327,0.279361647002551,86.0,101.0,131.0,145.0,1,IMG_20180513_170515937_HDR resized_448.jpg
116.17196468431122,24.321785311260953,0,254,116.0,0.006895727040816327,0.005131935586734694,0.058355395,0.046869773,0.627451,0.010552853954081632,0.24705536511479592,88.0,102.0,130.0,143.0,1,IMG_20180513_170526931_HDR resized_448.jpg
111.75333326690051,23.45257203198234,0,255,111.0,0.006392498405612245,0.0042849170918367345,0.060256545,0.045324028,0.53333336,0.010174186862244899,0.25095663265306123,84.0,98.0,125.0,139.0,1,IMG_20180513_170535927_HDR resized_448.jpg
118.21609933035714,26.143219762531082,0,255,118.0,0.0055056202168367345,0.0050522161989795915,0.075414404,0.058378108,0.4117647,0.04225127551020408,0.29372608418367346,86.0,102.0,133.0,149.0,1,IMG_20180513_170700279_HDR resized_448.jpg
119.28413982780613,31.315444870251717,0,255,120.0,0.013706752232142858,0.007807517538265306,0.09509188,0.06905596,0.4862745,0.08604213169642858,0.3407605229591837,79.0,99.0,139.0,158.0,1,IMG_20180513_170710091_HDR resized_448.jpg
120.12632533482143,32.459418739908784,0,255,121.0,0.014085419323979591,0.00568000637755102,0.09872275,0.069409184,0.47843137,0.09324178890306123,0.35866250797193877,77.0,98.0,142.0,161.0,1,IMG_20180513_170718753_HDR resized_448.jpg
119.83950494260205,28.942628457934244,0,255,121.0,0.010592713647959183,0.004763233418367347,0.08015527,0.05576512,0.49411765,0.03487224968112245,0.34133848852040816,83.0,102.0,139.0,155.0,1,IMG_20180513_170728853_HDR resized_448.jpg
124.06576351243622,29.953777551380945,2,255,125.0,0.007164779974489796,0.006277901785714286,0.081190765,0.057015393,0.41960785,0.04025330835459184,0.3414979272959184,85.0,104.0,144.0,161.0,1,IMG_20180513_170746398_HDR resized_448.jpg
110.35529934630102,44.85438122863646,1,255,109.0,0.08613679846938775,0.01904296875,0.16005027,0.109400935,0.5411765,0.3551648198341837,0.357601243622449,52.0,73.0,144.0,171.0,1,IMG_20180513_170844630_HDR resized_448.jpg
117.30924147002551,30.54362697537398,0,255,116.0,0.013985770089285714,0.008285833864795918,0.08892927,0.05653938,0.5176471,0.03901267538265306,0.33926578443877553,80.0,98.0,136.0,155.0,1,IMG_20180514_164920326_HDR resized_448.jpg
125.20807756696429,34.051006786596574,0,255,125.0,0.016287667410714284,0.01669124681122449,0.09740596,0.067791104,0.53333336,0.08042191485969388,0.33897181919642855,83.0,104.0,147.0,167.0,1,IMG_20180514_164936208_HDR resized_448.jpg
132.60138811383928,36.4698307284053,0,255,136.0,0.027553013392857144,0.02125518176020408,0.09744283,0.07610686,0.6156863,0.10043148118622448,0.3186832350127551,84.0,114.0,155.0,173.0,1,IMG_20180514_164944000_HDR resized_448.jpg
126.85186643016581,34.57544735089749,0,255,129.0,0.02166374362244898,0.016073421556122448,0.09099134,0.06798397,0.5058824,0.08033223054846939,0.30928631218112246,82.0,106.0,149.0,167.0,1,IMG_20180514_164949995_HDR resized_448.jpg
122.7708814971301,39.29689972318657,0,255,125.0,0.03527084661989796,0.02577925701530612,0.1193547,0.08499119,0.6431373,0.17331493144132654,0.32960977359693877,72.0,97.0,148.0,170.0,1,IMG_20180514_164955695_HDR resized_448.jpg
113.23254145408163,32.46112756544892,0,255,112.0,0.02377132493622449,0.011823381696428572,0.09777885,0.06338898,0.52156866,0.06802555006377552,0.33287826849489793,75.0,93.0,132.0,152.0,1,IMG_20180514_165008040_HDR resized_448.jpg
117.45674724968113,34.76834671205831,0,255,116.0,0.021589006696428572,0.013397839604591837,0.10474112,0.067116715,0.52156866,0.09018255739795919,0.3551548549107143,75.0,94.0,140.0,162.0,1,IMG_20180514_165031728_HDR resized_448.jpg
114.69170519770408,35.13725705431269,0,255,112.0,0.020976163903061226,0.017045001594387755,0.11303844,0.07082751,0.5294118,0.11670918367346939,0.3426090162627551,74.0,91.0,135.0,161.0,1,IMG_20180514_165039112_HDR resized_448.jpg
126.33122409119898,37.74766410247456,0,255,127.0,0.027059749681122448,0.025898836096938774,0.122190595,0.083678,0.63529414,0.17037527901785715,0.35169702646683676,79.0,103.0,150.0,173.0,1,IMG_20180514_165050302_HDR resized_448.jpg
118.76679587850765,37.21459310668771,0,255,117.0,0.02727897799744898,0.02145946269132653,0.11124979,0.07763212,0.6313726,0.12527403539540816,0.3187629544005102,74.0,94.0,142.0,166.0,1,IMG_20180514_165115894_HDR resized_448.jpg
122.84574796715562,33.7403453032776,0,255,122.0,0.014543805803571428,0.019461495535714284,0.101817444,0.06374746,0.49019608,0.06957011320153061,0.33150809151785715,83.0,100.0,143.0,166.0,1,IMG_20180514_165152754_HDR resized_448.jpg
126.47698102678571,39.83060667900614,0,255,126.0,0.025754344706632654,0.036675900829081634,0.12057867,0.07912951,0.54901963,0.16294642857142858,0.3617317044005102,77.0,100.0,152.0,178.0,1,IMG_20180514_165211442_HDR resized_448.jpg
124.75801678093113,37.60719151969369,0,255,124.0,0.02228156887755102,0.025510204081632654,0.1183739,0.076999605,0.5803922,0.14416254783163265,0.3589714205994898,78.0,100.0,149.0,172.0,1,IMG_20180514_165217078_HDR resized_448.jpg
136.7327507174745,34.45139465052569,0,255,137.0,0.013906050701530613,0.03529077646683673,0.1207364,0.084159255,0.627451,0.15814831792091838,0.32450773278061223,97.0,117.0,157.0,178.0,1,IMG_20180514_165228668_HDR resized_448.jpg
132.0914381377551,35.6614922247931,0,255,132.0,0.017632932079081634,0.032545440051020405,0.11173115,0.079074204,0.61960787,0.1307647082270408,0.34716796875,90.0,111.0,153.0,176.0,1,IMG_20180514_165245540_HDR resized_448.jpg
130.58487125318877,33.11920391621531,0,255,130.0,0.01612822863520408,0.02590381855867347,0.10223451,0.07084986,0.5529412,0.08672971141581633,0.3384586256377551,93.0,112.0,149.0,171.0,1,IMG_20180514_165251954_HDR resized_448.jpg
136.6976692044005,32.664190601399575,4,255,136.0,0.00826092155612245,0.03590860172193878,0.10821298,0.07848471,0.5686275,0.12353017378826531,0.27390585140306123,98.0,118.0,155.0,178.0,1,IMG_20180514_165259100 resized_448.jpg
130.1073670679209,34.66047374496882,0,255,129.0,0.01739875637755102,0.03131975446428571,0.11110041,0.07555059,0.5686275,0.12144252232142858,0.3369240274234694,90.0,110.0,149.0,173.0,1,IMG_20180514_165302026_HDR resized_448.jpg
128.10413843271684,33.92913668486328,0,255,126.0,0.014653419961734694,0.02699996014030612,0.113889396,0.0744276,0.5686275,0.12716737085459184,0.34665477519132654,89.0,108.0,147.0,172.0,1,IMG_20180514_165307482_HDR resized_448.jpg
130.3260871731505,35.48195634668012,0,255,129.0,0.016880580357142856,0.02969547193877551,0.11840758,0.07917013,0.63529414,0.1424236686862245,0.3496143574617347,88.0,109.0,151.0,176.0,1,IMG_20180514_165340357_HDR resized_448.jpg
130.97096719547193,40.377971833466425,0,255,128.0,0.0222965162627551,0.05236069036989796,0.1545404,0.099810116,0.654902,0.3155542490433674,0.35769591039540816,83.0,105.0,156.0,185.0,1,IMG_20180514_165358823_HDR resized_448.jpg
129.7754753268495,41.798471994372264,0,255,127.0,0.025604870854591837,0.055474728954081634,0.15619597,0.10380336,0.6392157,0.32412408322704084,0.3605857382015306,79.0,102.0,156.0,186.0,1,IMG_20180514_165411841_HDR resized_448.jpg
134.38895089285714,37.400394324963564,0,255,134.0,0.017528300382653062,0.04372110172193878,0.12977746,0.08416807,0.6,0.1977588887117347,0.36447704081632654,88.0,112.0,157.0,183.0,1,IMG_20180514_165427375_HDR resized_448.jpg
133.76509685905611,35.021859721681544,1,255,134.0,0.01184829400510204,0.031573860012755105,0.11361907,0.07500824,0.58431375,0.12747130102040816,0.3688915019132653,90.0,112.0,156.0,178.0,1,IMG_20180514_165444055_HDR resized_448.jpg
133.01302913743623,38.818646566735765,0,255,132.0,0.019346898915816327,0.0457389987244898,0.14188296,0.09197398,0.6666667,0.24821627869897958,0.37227459343112246,86.0,108.0,158.0,183.0,1,IMG_20180514_165457873_HDR resized_448.jpg
131.87223473373726,41.13253453142682,0,255,132.0,0.0282405931122449,0.05017837213010204,0.14067082,0.09539159,0.627451,0.24589445153061223,0.37342055963010207,79.0,106.0,159.0,185.0,1,IMG_20180514_165505511_HDR resized_448.jpg
125.73122608418367,34.743143116332284,0,255,122.0,0.012600645727040817,0.029959542410714284,0.124954246,0.0770529,0.5921569,0.16572664221938777,0.3486876195790816,87.0,103.0,145.0,172.0,1,IMG_20180514_165529728_HDR resized_448.jpg
126.12237424266581,33.35978142572418,0,255,123.0,0.008694395727040817,0.025579958545918366,0.11949364,0.072191365,0.49803922,0.13521902901785715,0.3512386399872449,88.0,104.0,145.0,171.0,1,IMG_20180514_165535720_HDR resized_448.jpg
132.4480976961097,39.68425028712406,0,255,132.0,0.02280472735969388,0.04660096460459184,0.13903095,0.094508275,0.6392157,0.24473353794642858,0.3695691167091837,83.0,108.0,158.0,184.0,1,IMG_20180514_165710828_HDR resized_448.jpg
138.43151606345663,37.96664513252969,0,255,139.0,0.018624441964285716,0.05042251275510204,0.12977046,0.08988589,0.7254902,0.19732043207908162,0.36826869419642855,92.0,116.0,162.0,186.0,1,IMG_20180514_165717791_HDR resized_448.jpg
136.75328344228316,39.7744523135263,0,255,137.0,0.022744937818877552,0.054812061543367346,0.13825248,0.095317446,0.6745098,0.23782784598214285,0.37195571588010207,87.0,113.0,162.0,187.0,1,IMG_20180514_165724162_HDR resized_448.jpg
140.7325364716199,39.60568140121175,0,255,141.0,0.0209163743622449,0.06577845982142858,0.14090645,0.106181376,0.70980394,0.2640007174744898,0.29983956473214285,94.0,118.0,164.0,191.0,1,IMG_20180514_165731332_HDR resized_448.jpg
128.88655432876274,37.23626526533446,0,255,126.0,0.016068439094387755,0.04017857142857143,0.12899247,0.08446229,0.5921569,0.1923877949617347,0.35805963010204084,85.0,105.0,151.0,178.0,1,IMG_20180514_165740460_HDR resized_448.jpg
138.70589026626274,39.50996782812222,0,255,137.0,0.020213847257653062,0.06507095025510204,0.14132597,0.09678124,0.72156864,0.24842554209183673,0.35438257334183676,93.0,116.0,163.0,190.0,1,IMG_20180514_165746314_HDR resized_448.jpg
139.5040507413903,38.867259188526546,0,255,139.0,0.023213289221938774,0.058803013392857144,0.12879908,0.09437176,0.7411765,0.19231305803571427,0.3552395567602041,94.0,118.0,163.0,189.0,1,IMG_20180514_165751038_HDR resized_448.jpg
140.8695740991709,38.30609088614458,0,255,140.0,0.018420161033163265,0.06450294961734694,0.13830721,0.09695112,0.70980394,0.22825653698979592,0.35093470982142855,97.0,119.0,164.0,190.0,1,IMG_20180514_165757436_HDR resized_448.jpg
135.74099170918367,42.53358351242103,0,255,136.0,0.031165298150510203,0.06475705516581633,0.14270364,0.10175467,0.6784314,0.2602489237882653,0.36513970822704084,82.0,110.0,163.0,190.0,1,IMG_20180514_165811955_HDR resized_448.jpg
141.91057477678572,43.68841163107546,0,255,143.0,0.031548947704081634,0.08658522002551021,0.14420737,0.10904579,0.6862745,0.26695531728316324,0.35324158960459184,87.0,117.0,169.0,197.0,1,IMG_20180514_165823466_HDR resized_448.jpg
138.53146922831633,38.91244797623709,0,255,141.0,0.02540058992346939,0.04831991390306122,0.12596914,0.08984834,0.61960787,0.18915417729591838,0.36703304368622447,89.0,117.0,163.0,186.0,1,IMG_20180514_165831579_HDR resized_448.jpg
140.54795619419642,40.44650115429462,0,255,143.0,0.029072664221938774,0.05914182079081633,0.1297536,0.09269436,0.6392157,0.19936324139030612,0.37098911830357145,89.0,118.0,166.0,189.0,1,IMG_20180514_165837194_HDR resized_448.jpg
139.7362284757653,39.870096327346396,0,255,142.0,0.02741848692602041,0.05468251753826531,0.12787828,0.09110869,0.654902,0.18923389668367346,0.3649354272959184,90.0,118.0,165.0,188.0,1,IMG_20180514_165847101_HDR resized_448.jpg
143.685791015625,37.68846164672588,0,255,143.0,0.022431042729591837,0.06505102040816327,0.12575324,0.09650172,0.76862746,0.1714664381377551,0.32361587213010207,104.0,124.0,165.0,190.0,1,IMG_20180514_170008541_HDR resized_448.jpg
140.78237603635205,41.00502144401612,0,255,142.0,0.03364158163265306,0.06547951211734694,0.12972395,0.10382085,0.70980394,0.1967723612882653,0.32798050860969385,92.0,121.0,165.0,191.0,1,IMG_20180514_170015428_HDR resized_448.jpg
131.98486826371175,35.24529843662475,0,255,130.0,0.015869140625,0.03664102359693878,0.13244116,0.089400105,0.7254902,0.1966826769770408,0.33842374840561223,93.0,111.0,152.0,177.0,1,IMG_20180514_170026184_HDR resized_448.jpg
123.7784498565051,36.65492856115611,0,255,119.0,0.014304647640306123,0.03435407366071429,0.13434568,0.08563959,0.5882353,0.22028958067602042,0.335513990752551,82.0,100.0,145.0,174.0,1,IMG_20180514_170032562_HDR resized_448.jpg
123.21070830676021,36.774739062080094,0,255,118.0,0.016237842793367346,0.032017299107142856,0.13417204,0.083047554,0.6784314,0.21379245057397958,0.35121372767857145,83.0,99.0,144.0,174.0,1,IMG_20180514_170039467_HDR resized_448.jpg
145.95154057716837,38.03577943460252,0,255,145.0,0.021449497767857144,0.07558394451530612,0.13152601,0.090371735,0.627451,0.2005241549744898,0.31815509406887754,106.0,127.0,167.0,194.0,1,IMG_20180514_170051550_HDR resized_448.jpg
136.50503726881377,36.251459035234994,0,255,134.0,0.018011599170918366,0.05019830197704082,0.12615395,0.082009405,0.6509804,0.16460558832908162,0.34215561224489793,98.0,115.0,157.0,184.0,1,IMG_20180514_170055705_HDR resized_448.jpg
136.7872987085459,36.42237915285376,0,255,135.0,0.018435108418367346,0.04742805325255102,0.12364959,0.08371352,0.6666667,0.16191505899234693,0.34306242028061223,96.0,116.0,158.0,184.0,1,IMG_20180514_170100812_HDR resized_448.jpg
130.55647620376274,37.7358504461189,0,255,128.0,0.018380301339285716,0.04377092633928571,0.13378981,0.08773941,0.5882353,0.2190738600127551,0.35349569515306123,87.0,107.0,153.0,181.0,1,IMG_20180514_170105907_HDR resized_448.jpg
134.40466059470663,38.153605110271734,0,255,132.0,0.019705636160714284,0.05276426977040816,0.12600808,0.087567754,0.6627451,0.19258709343112246,0.3491061463647959,90.0,112.0,157.0,185.0,1,IMG_20180514_170122537_HDR resized_448.jpg
123.48477857940051,39.07174313464961,0,255,120.0,0.022620376275510203,0.03675562021683673,0.1323538,0.088432856,0.58431375,0.2198112643494898,0.3628029336734694,77.0,98.0,147.0,176.0,1,IMG_20180514_170137161_HDR resized_448.jpg
120.67710658482143,35.37073099239234,0,255,115.0,0.011918048469387755,0.02866410235969388,0.12919731,0.08036051,0.57254905,0.1944206393494898,0.34614656409438777,82.0,97.0,140.0,170.0,1,IMG_20180514_170144972_HDR resized_448.jpg
130.13062519929846,39.26067690897592,0,255,128.0,0.018016581632653062,0.046262157206632654,0.13157418,0.088732354,0.6431373,0.2166324537627551,0.3561214524872449,83.0,104.0,156.0,183.0,1,IMG_20180514_170158322_HDR resized_448.jpg
121.86080496651786,33.42007120669325,0,255,117.0,0.009641063456632654,0.024239676339285716,0.12423389,0.07494159,0.52156866,0.16350446428571427,0.3336904097576531,86.0,100.0,140.0,168.0,1,IMG_20180514_170217038_HDR resized_448.jpg
135.1423937739158,43.87447463974901,0,255,136.0,0.033771125637755105,0.06704898756377552,0.13303088,0.10226395,0.654902,0.23904854910714285,0.36172173947704084,79.0,108.0,163.0,190.0,1,IMG_20180514_170355485_HDR resized_448.jpg
130.37607122927295,52.52105647798305,0,255,131.0,0.07394969706632654,0.100341796875,0.15836053,0.123241775,0.76862746,0.3293556680484694,0.3597785794005102,60.0,96.0,166.0,201.0,1,IMG_20180514_170400947 resized_448.jpg
141.57317741549744,43.0587038038836,0,255,143.0,0.03083645567602041,0.07941047512755102,0.13253342,0.10441234,0.7411765,0.2264728156887755,0.3474868463010204,88.0,117.0,169.0,195.0,1,IMG_20180514_170411390_HDR resized_448.jpg
143.64914500956633,40.500994972671045,0,255,146.0,0.02662627551020408,0.06723832110969388,0.122021005,0.09433315,0.6745098,0.18410694355867346,0.3303272480867347,93.0,122.0,168.0,192.0,1,IMG_20180514_170416728_HDR resized_448.jpg
144.3275520169005,42.92708099021463,0,255,148.0,0.03343231823979592,0.07808514030612244,0.118828386,0.09912021,0.69803923,0.18122708067602042,0.3294254225127551,90.0,122.0,171.0,195.0,1,IMG_20180514_170423229_HDR resized_448.jpg
131.807861328125,36.440851721780156,0,255,131.0,0.010333625637755101,0.03098094706632653,0.1176021,0.07309095,0.5803922,0.14035594706632654,0.38024154974489793,86.0,106.0,157.0,179.0,1,IMG_20180514_170638485_HDR resized_448.jpg
132.24847038424744,32.2509184616738,4,255,131.0,0.0024713010204081634,0.01734394929846939,0.09818202,0.061125055,0.42352942,0.05936603156887755,0.3731265943877551,91.0,109.0,155.0,175.0,1,IMG_20180514_170646586_HDR resized_448.jpg
129.60784040178572,33.86976590768853,1,255,130.0,0.00637256855867347,0.011220503826530613,0.10709268,0.07244728,0.47843137,0.11484076052295919,0.36681381536989793,86.0,105.0,154.0,174.0,1,IMG_20180514_170703597_HDR resized_448.jpg
134.2956692442602,34.11216001773487,6,255,136.0,0.005744778380102041,0.015141701211734694,0.10050485,0.07120012,0.53333336,0.09918586575255102,0.3576510682397959,89.0,111.0,159.0,177.0,1,IMG_20180514_170708710_HDR (1) resized_448.jpg
134.2956692442602,34.11216001773487,6,255,136.0,0.005744778380102041,0.015141701211734694,0.10050485,0.07120012,0.53333336,0.09918586575255102,0.3576510682397959,89.0,111.0,159.0,177.0,1,IMG_20180514_170708710_HDR resized_448.jpg
172.28199238679846,27.858429804157353,49,255,172.0,9.964923469387754e-06,0.1661999760841837,0.09070787,0.061668444,0.50980395,0.0575324856505102,0.3488221460459184,136.0,152.0,192.0,209.0,1,IMG_8404 resized_448.jpg
127.56133410395408,22.388469076700073,44,253,127.0,1.992984693877551e-05,0.0028748804209183672,0.07539604,0.051478546,0.32941177,0.016736088966836735,0.29111029177295916,100.0,111.0,142.0,157.0,1,IMG_8405 resized_448.jpg
128.2636569276148,21.749097533337686,35,250,127.0,9.964923469387754e-06,0.0024912308673469387,0.07047254,0.047129728,0.37254903,0.010772082270408163,0.29787149234693877,101.0,113.0,142.0,157.0,1,IMG_8406 resized_448.jpg
129.21920838647958,25.672204036421057,28,254,128.0,0.0002242107780612245,0.005490672831632653,0.082715765,0.056916792,0.3529412,0.03399533641581633,0.30678511639030615,97.0,111.0,147.0,163.0,1,IMG_8407 resized_448.jpg
149.07951510682398,38.59128372082474,30,255,148.0,0.00013452646683673468,0.10597197863520408,0.12345894,0.0860306,0.57254905,0.18867087850765307,0.3660216039540816,99.0,120.0,176.0,202.0,1,IMG_8412 resized_448.jpg
151.24364736128825,40.20142147866146,38,255,151.0,0.00017438616071428572,0.12428252551020408,0.13028006,0.091779836,0.54901963,0.21840122767857142,0.36813416772959184,97.0,121.0,181.0,205.0,1,IMG_8413 resized_448.jpg
154.78866888552295,38.02356087997652,44,255,154.0,1.4947385204081632e-05,0.1289859693877551,0.112826526,0.07679403,0.49803922,0.13887117346938777,0.36869718590561223,104.0,127.0,182.0,206.0,1,IMG_8414 resized_448.jpg
153.0038066007653,41.86679875449285,33,255,154.0,0.00027901785714285713,0.14334044164540816,0.14069808,0.10142696,0.59607846,0.26258071588010207,0.3701122050382653,95.0,122.0,185.0,208.0,1,IMG_8415 resized_448.jpg
149.16322544642858,39.604535799465424,36,255,149.0,0.0001793686224489796,0.10888671875,0.12795497,0.089434564,0.58431375,0.2067024075255102,0.3681092554209184,96.0,120.0,177.0,202.70000000001164,1,IMG_8416 resized_448.jpg
137.02109076052295,51.2556398228916,1,255,137.0,0.04021344866071429,0.12268813775510204,0.150273,0.10431216,0.61960787,0.28885323660714285,0.37471599968112246,66.0,98.0,176.0,206.0,1,IMG_8417 resized_448.jpg
137.67683254942602,49.91627975953964,12,255,137.0,0.03366649394132653,0.12006736288265306,0.13261321,0.0912479,0.6156863,0.21540178571428573,0.37563277264030615,70.0,100.0,175.0,205.0,1,IMG_8418 resized_448.jpg
130.39819834183675,53.49302102454555,8,255,130.0,0.07128408003826531,0.10991310586734694,0.16534708,0.11378101,0.6666667,0.3471629862882653,0.37968351403061223,56.0,89.0,171.0,203.0,1,IMG_8419 resized_448.jpg
133.39755560427295,19.591950273244993,48,254,133.0,4.982461734693877e-06,0.0014399314413265306,0.05343563,0.036284026,0.2627451,0.0013303172831632653,0.24246153539540816,109.0,121.0,146.0,158.0,1,IMG_8423 resized_448.jpg
183.07546934789542,20.191324424125725,88,255,184.0,0.0,0.18816764987244897,0.051509902,0.036195394,0.29411766,0.0017687739158163266,0.25672632334183676,157.0,170.0,197.0,208.0,1,IMG_8424 resized_448.jpg
172.0958924585459,32.34077540220682,29,255,173.0,8.470184948979592e-05,0.19737025669642858,0.09407543,0.06659692,0.48235294,0.0728286431760204,0.3560267857142857,129.0,151.0,195.0,214.0,1,IMG_8426 resized_448.jpg
168.38315130739795,33.50193370931205,34,255,171.0,4.982461734693878e-05,0.1712372448979592,0.10547336,0.07461428,0.5019608,0.11774055325255102,0.3684630102040816,123.0,146.0,192.0,210.0,1,IMG_8428 resized_448.jpg
123.66672313456633,63.90647255550068,1,255,125.0,0.19070870535714285,0.14201510682397958,0.23353298,0.15679306,0.76862746,0.5430883290816326,0.35610152264030615,39.0,61.0,178.0,210.0,1,IMG_8429 resized_448.jpg
128.48067801339286,63.35570328280875,0,255,133.0,0.16597078284438777,0.15400290975765307,0.22833163,0.15446468,0.72156864,0.5263323102678571,0.3640236367984694,40.0,69.0,182.0,212.0,1,IMG_8430 resized_448.jpg
131.08531469228316,61.76538990123068,0,255,138.0,0.15043048469387754,0.14494479432397958,0.20973518,0.14755458,0.69411767,0.4692233338647959,0.36227977519132654,39.0,78.0,182.0,210.0,1,IMG_8431 resized_448.jpg
148.95683693399235,48.97904289803655,26,255,152.0,0.006113480548469388,0.1659359056122449,0.14694612,0.10805119,0.654902,0.28236108896683676,0.35928531568877553,80.0,110.0,187.0,213.0,1,IMG_8432 resized_448.jpg
146.38534359056123,48.52676577113791,20,255,149.0,0.009446747448979591,0.14592135682397958,0.16603415,0.11444172,0.65882355,0.35177176339285715,0.3767189492984694,77.0,110.0,183.0,210.0,1,IMG_8433 resized_448.jpg
150.58229532047193,47.29305936232306,26,255,153.0,0.0059939014668367345,0.15977260044642858,0.16278909,0.11309319,0.6117647,0.3401426977040816,0.37601642219387754,82.0,116.0,187.0,212.0,1,IMG_8434 resized_448.jpg
147.67848672672193,48.61556832628169,21,255,150.0,0.009451729910714286,0.15320073341836735,0.16093887,0.10948257,0.57254905,0.33693399234693877,0.3776008450255102,78.0,112.0,185.0,211.0,1,IMG_8435 resized_448.jpg
144.1006407445791,49.33859872561029,15,255,145.0,0.0176578443877551,0.14236886160714285,0.16312537,0.111700155,0.64705884,0.34292789381377553,0.37698800223214285,75.0,107.0,182.0,210.0,1,IMG_8436 resized_448.jpg
140.87964863679846,48.26425433936485,17,255,141.0,0.019321986607142856,0.12142259247448979,0.15693438,0.107200176,0.6392157,0.31600765306122447,0.3779197225765306,74.0,105.0,177.0,205.0,1,IMG_8437 resized_448.jpg
139.82960977359693,53.29968293664747,1,255,142.0,0.04900749362244898,0.14202008928571427,0.1775226,0.12425276,0.7058824,0.3866390306122449,0.36654476243622447,64.0,99.0,181.0,210.0,1,IMG_8438 resized_448.jpg
145.87953404017858,48.93045330540633,21,255,148.0,0.017802335778061226,0.14758549904336735,0.16838035,0.115587845,0.6666667,0.36050103635204084,0.37364477040816324,77.0,110.0,184.0,210.0,1,IMG_8439 resized_448.jpg
145.42338966836735,52.9349839341888,5,255,149.0,0.03073680644132653,0.1683623644770408,0.17798965,0.12404214,0.69411767,0.390071946747449,0.3710339604591837,68.0,105.0,187.0,215.0,1,IMG_8440 resized_448.jpg
128.2617785395408,57.1236018476752,0,255,131.0,0.11424784757653061,0.11277802136479592,0.19882715,0.13893162,0.7019608,0.4544005102040816,0.3701122050382653,46.0,83.0,173.0,204.0,1,IMG_8441 resized_448.jpg
143.36218012595663,51.423025832019874,10,255,147.0,0.03750298947704082,0.14548290019132654,0.18632093,0.13515706,0.7372549,0.4103854432397959,0.3646863042091837,69.0,106.0,183.0,210.0,1,IMG_8442 resized_448.jpg
134.14572704081633,55.112493111817315,0,255,136.0,0.06606246014030612,0.12896105707908162,0.19030213,0.13483858,0.6627451,0.42606525031887754,0.36996771364795916,58.0,90.0,177.0,208.0,1,IMG_8443 resized_448.jpg
153.84750677614795,46.268456676972136,36,255,158.0,0.0016940369897959183,0.17112763073979592,0.16998544,0.12421027,0.6901961,0.3632712850765306,0.3613380899234694,86.0,121.0,189.0,213.0,1,IMG_8444 resized_448.jpg
150.01102120535714,50.13673962218197,22,255,154.0,0.005465760522959184,0.17603535554846939,0.17605571,0.12532142,0.62352943,0.3843570631377551,0.36698820153061223,76.0,112.0,189.0,215.0,1,IMG_8445 resized_448.jpg
154.56166294642858,47.27926202430673,36,255,158.0,0.0011110889668367347,0.18787368463010204,0.16082752,0.11862038,0.6509804,0.3315579161352041,0.3623545121173469,86.0,118.0,191.0,216.0,1,IMG_8446 resized_448.jpg
146.07517538265307,48.503454713553396,26,255,148.0,0.004628706951530612,0.1481983418367347,0.1487211,0.11335412,0.6627451,0.2924705038265306,0.3550651705994898,79.0,106.0,184.0,210.0,1,IMG_8447 resized_448.jpg
124.85237464126276,47.31438505786215,18,255,115.0,0.005919164540816327,0.09170220822704081,0.10771487,0.08130985,0.5647059,0.12867207429846939,0.33774613360969385,71.0,88.0,156.0,198.0,1,IMG_8449 resized_448.jpg
154.45712591677295,43.15244021885305,18,255,158.0,0.0006626674107142857,0.15327048788265307,0.14312641,0.11329967,0.56078434,0.28831014827806123,0.35195611447704084,93.0,122.0,188.0,209.0,1,IMG_8453 resized_448.jpg
151.99427515146684,45.8421288703674,16,255,156.0,0.003343231823979592,0.15968291613520408,0.15747356,0.11621135,0.6117647,0.3359474649234694,0.3625637755102041,86.0,118.0,188.0,210.0,1,IMG_8455 resized_448.jpg
154.74147999043367,44.90592071560281,27,255,158.0,0.0011559311224489796,0.17180524553571427,0.1528629,0.118983135,0.6156863,0.3235012755102041,0.3437450175382653,90.0,121.0,190.0,212.0,1,IMG_8456 resized_448.jpg
131.46410136320154,26.628263742838296,21,253,131.0,0.0012854751275510204,0.004309829400510204,0.08728879,0.054277875,0.3882353,0.03342235331632653,0.37065031090561223,98.0,113.0,150.0,166.0,1,IMG_8462 resized_448.jpg
170.7235481106505,31.755113246996885,23,255,171.0,0.00027901785714285713,0.18983179209183673,0.10599735,0.06784812,0.48235294,0.09858797034438775,0.38039600605867346,129.0,149.0,194.0,212.0,1,IMG_8463 resized_448.jpg
172.6482531489158,29.889818021169983,39,255,173.0,7.971938775510203e-05,0.19077845982142858,0.089628495,0.057312343,0.41960785,0.04423429528061224,0.3812928491709184,133.0,152.0,195.0,211.0,1,IMG_8464 resized_448.jpg
173.3976602359694,32.13989693254811,19,255,175.0,0.00016940369897959184,0.21755919164540816,0.106690146,0.06932117,0.46666667,0.10436264349489796,0.379459303252551,131.0,151.0,197.0,214.0,1,IMG_8465 resized_448.jpg
170.92755998883928,31.22724664278965,38,254,172.0,0.00010463169642857142,0.1847197863520408,0.1022315,0.06561039,0.43137255,0.08275370695153061,0.3811782525510204,130.0,149.0,194.0,211.0,1,IMG_8466 resized_448.jpg
172.93656329719389,30.55090362774233,40,255,174.0,7.971938775510203e-05,0.19713109853316327,0.092309214,0.059705347,0.45882353,0.05288883131377551,0.3831263950892857,133.0,152.0,195.0,212.0,1,IMG_8467 resized_448.jpg
164.4499661192602,41.96363812426386,22,255,170.0,0.0010811941964285715,0.21838129783163265,0.09849122,0.06927897,0.4627451,0.0900131536989796,0.36550841039540816,100.0,137.0,197.0,215.0,1,IMG_8468 resized_448.jpg
169.01443419164542,23.952108250365164,36,255,170.0,9.964923469387754e-06,0.09248943718112244,0.07896095,0.05015222,0.38431373,0.017697704081632654,0.3605857382015306,138.0,152.0,186.0,200.0,1,IMG_8469 resized_448.jpg
170.36282286352042,31.745124129012165,31,255,172.0,0.00016940369897959184,0.18638392857142858,0.10693659,0.070187904,0.44705883,0.11166693239795919,0.3797183912627551,128.0,148.0,194.0,211.0,1,IMG_8470 resized_448.jpg
171.38560267857142,31.455724104044048,38,255,173.0,0.00012456154336734694,0.19382274394132654,0.10797292,0.07086232,0.45882353,0.11577248086734694,0.38035116390306123,129.0,149.0,195.0,212.0,1,IMG_8471 resized_448.jpg
170.72635821906889,32.019817857840195,26,255,172.0,0.00012456154336734694,0.19316505899234693,0.110218674,0.072560064,0.47843137,0.12657445790816327,0.3785774075255102,128.0,148.0,195.0,212.0,1,IMG_8472 resized_448.jpg
169.95321468431123,33.16374042353745,22,255,171.0,0.00026407047193877553,0.19543706154336735,0.11990274,0.079859674,0.5176471,0.17402244100765307,0.37267319036989793,126.0,147.0,195.0,213.0,1,IMG_8473 resized_448.jpg
134.97544642857142,21.74068950878245,30,255,135.0,0.00019431600765306122,0.004763233418367347,0.07291915,0.048034713,0.44705883,0.01347755899234694,0.29456812021683676,108.0,121.0,149.0,162.0,1,IMG_8474 resized_448.jpg
177.53867885044642,27.257540094231175,48,255,179.0,4.982461734693877e-06,0.19568120216836735,0.08881801,0.062243514,0.4862745,0.05604272959183673,0.3428481744260204,142.0,160.0,196.0,211.0,1,IMG_8475 resized_448.jpg
176.83182198660714,28.050572875942592,48,255,178.0,4.982461734693877e-06,0.19862085459183673,0.0911079,0.0639129,0.43137255,0.06352140465561225,0.34127869897959184,140.0,159.0,196.0,212.0,1,IMG_8476 resized_448.jpg
180.5562121332908,25.351449056449606,59,255,182.0,0.0,0.21678192761479592,0.08068886,0.05442668,0.41960785,0.029889787946428572,0.3459572305484694,147.0,164.0,198.0,212.0,1,IMG_8477 resized_448.jpg
189.69480428890307,20.714267378704804,81,255,191.0,0.0,0.302181321747449,0.07265996,0.05217417,0.38431373,0.022176937181122448,0.2421875,163.0,177.0,204.0,215.0,1,IMG_8478 resized_448.jpg
181.27729392538265,25.965942064575373,63,255,183.0,0.0,0.22556600765306123,0.08801734,0.062987596,0.5254902,0.05693459024234694,0.3123106664540816,148.0,165.0,199.0,213.0,1,IMG_8479 resized_448.jpg
187.65987224968111,22.278232777927695,72,255,189.0,0.0,0.28463309151785715,0.07041018,0.05503339,0.43529412,0.025684590242346938,0.20339903539540816,159.0,174.0,203.0,215.0,1,IMG_8480 resized_448.jpg
181.99429009885205,25.527969044282695,72,255,183.0,0.0,0.23708047672193877,0.08627113,0.061137695,0.42352942,0.05040258290816327,0.3044483418367347,148.0,165.0,200.0,214.0,1,IMG_8481 resized_448.jpg
180.89152184311226,28.15560836341661,53,255,183.0,0.0,0.25319375797193877,0.09345249,0.06717362,0.4509804,0.07875777264030612,0.3450304926658163,143.0,163.0,201.0,215.0,1,IMG_8483 resized_448.jpg
181.8704161352041,29.37045918745021,57,255,184.0,0.0,0.27608816964285715,0.09780196,0.06919109,0.4509804,0.09096978635204081,0.35623106664540816,142.0,163.0,203.0,218.0,1,IMG_8484 resized_448.jpg
183.57293327487244,28.939585232768742,58,255,185.0,0.0,0.29405990911989793,0.096720345,0.06823154,0.45490196,0.08499083227040816,0.35654496173469385,145.0,165.0,204.0,220.0,1,IMG_8485 resized_448.jpg
175.73151506696428,27.693296632157693,63,255,177.0,0.0,0.1880480707908163,0.09280639,0.06411849,0.42352942,0.06692940848214286,0.35315688775510207,139.0,157.0,195.0,210.0,1,IMG_8486 resized_448.jpg
172.18303571428572,29.121634141916953,47,255,173.0,9.964923469387754e-06,0.1687808912627551,0.096915826,0.06787972,0.43529412,0.08395448022959184,0.35118881536989793,134.0,153.0,193.0,209.0,1,IMG_8487 resized_448.jpg
183.2753059231505,24.660101991631038,73,255,184.0,0.0,0.24898357780612246,0.08743877,0.06264923,0.4,0.056077606823979595,0.2855847417091837,151.0,167.0,200.0,214.0,1,IMG_8488 resized_448.jpg
171.967041015625,27.990633983566163,42,255,173.0,4.982461734693877e-06,0.15482999840561223,0.09280486,0.06519333,0.47058824,0.06997867506377552,0.34023736447704084,135.0,153.0,192.0,207.0,1,IMG_8489 resized_448.jpg
177.48010004783163,27.266569511700936,56,255,178.0,0.0,0.20446029974489796,0.08935384,0.061613757,0.43529412,0.05499143016581633,0.34865274234693877,142.0,159.0,197.0,212.0,1,IMG_8490 resized_448.jpg
185.3058085538903,22.380415518622794,77,255,187.0,0.0,0.2528748804209184,0.07721728,0.051015597,0.36862746,0.02150928730867347,0.3294154575892857,156.0,171.0,201.0,213.0,1,IMG_8491 resized_448.jpg
181.50023417570154,27.060220996371363,70,255,183.0,0.0,0.25174386160714285,0.094371036,0.067355745,0.43529412,0.08011798469387756,0.34311224489795916,145.0,164.0,201.0,215.0,1,IMG_8493 resized_448.jpg
132.7139219945791,22.81441572487624,37,254,130.0,6.975446428571428e-05,0.00943180006377551,0.07956726,0.04721354,0.32941177,0.01273517219387755,0.25887874681122447,108.0,119.0,144.0,163.0,1,IMG_8504 resized_448.jpg
175.55269451530611,25.00983769915974,52,255,173.0,0.0,0.1549695073341837,0.088467225,0.053288016,0.38431373,0.02927196269132653,0.30959024234693877,147.0,159.0,190.0,209.0,1,IMG_8505 resized_448.jpg
170.46008051658163,26.06700864613252,42,255,168.0,9.964923469387754e-06,0.12995256696428573,0.0932969,0.05457141,0.4,0.03699477838010204,0.3194555165816326,140.0,153.0,186.0,206.0,1,IMG_8506 resized_448.jpg
174.70748963647958,28.45801423722786,22,255,173.0,2.491230867346939e-05,0.17613998724489796,0.09995536,0.06307028,0.4392157,0.06747747927295919,0.31783621651785715,141.0,157.0,192.0,213.0,1,IMG_8507 resized_448.jpg
169.00613341039542,30.808704076281952,31,255,167.0,0.00016442123724489795,0.15793407206632654,0.10604836,0.06860115,0.53333336,0.09557856345663265,0.3320810746173469,132.0,149.0,189.0,211.0,1,IMG_8508 resized_448.jpg
168.8740084901148,29.752457052102514,26,255,168.0,0.0004982461734693878,0.14310128348214285,0.10135383,0.062756106,0.5372549,0.06547452965561225,0.36299724968112246,132.0,150.0,188.0,208.0,1,IMG_8509 resized_448.jpg
170.6112683354592,30.233070141014945,25,255,170.0,0.0006078603316326531,0.15794403698979592,0.102532774,0.06534096,0.5882353,0.07188197544642858,0.36094447544642855,134.0,151.0,190.0,209.0,1,IMG_8510 resized_448.jpg
167.27087651466837,33.2238264192642,22,255,166.0,0.0006028778698979591,0.16258769132653061,0.118180804,0.07747015,0.5803922,0.1493293606505102,0.3545669244260204,126.0,145.0,189.0,211.0,1,IMG_8511 resized_448.jpg
171.51482780612244,33.94116336124525,23,255,171.0,0.0011210538903061226,0.20016043526785715,0.11853185,0.077034496,0.5882353,0.1463199537627551,0.3583436304209184,129.0,149.0,194.0,217.0,1,IMG_8512 resized_448.jpg
167.58925083705358,33.95159809907812,15,255,167.0,0.001220703125,0.16594088807397958,0.12146574,0.078625716,0.5803922,0.1563347018494898,0.3620057397959184,125.0,146.0,190.0,212.0,1,IMG_8513 resized_448.jpg
162.06282386001274,39.167757730626796,14,255,163.0,0.005729830994897959,0.16514369419642858,0.13201696,0.09359693,0.62352943,0.22569056919642858,0.35791015625,111.0,137.0,189.0,212.0,1,IMG_8514 resized_448.jpg
156.51761798469389,42.16519710582042,3,255,158.0,0.0126953125,0.14871651785714285,0.14807573,0.10327997,0.68235296,0.28286930006377553,0.3612035634566326,101.0,131.0,185.0,210.0,1,IMG_8515 resized_448.jpg
171.95577566964286,38.532868629367506,9,255,174.0,0.00439453125,0.22724509725765307,0.13532306,0.094920106,0.6627451,0.21928810586734693,0.36087970344387754,122.0,149.0,198.0,220.0,1,IMG_8516 resized_448.jpg
123.87494519292092,32.50486085189264,18,255,118.0,0.0024164939413265306,0.03219666772959184,0.11624094,0.07365106,0.5058824,0.13937440210459184,0.2727798150510204,90.0,103.0,139.0,170.0,1,IMG_8517 resized_448.jpg
181.62336077008928,32.78644872898189,48,255,177.0,4.982461734693877e-06,0.2625707509566326,0.12521794,0.077138625,0.5254902,0.17957290338010204,0.30892757493622447,143.0,158.0,202.0,231.0,1,IMG_8518 resized_448.jpg
165.38695790816325,33.51681681532275,44,255,161.0,1.992984693877551e-05,0.1553631218112245,0.124815315,0.0732703,0.4509804,0.16193498883928573,0.31986906090561223,126.0,143.0,184.0,214.0,1,IMG_8519 resized_448.jpg
174.0585788026148,31.405391738785077,42,255,170.0,9.964923469387754e-06,0.19467972735969388,0.12390019,0.071872324,0.48235294,0.15397799744897958,0.3011499521683674,137.0,153.0,192.0,220.0,1,IMG_8520 resized_448.jpg
158.99586953922193,35.907106406069985,28,255,153.0,0.00020926339285714285,0.1459113919005102,0.12941292,0.08198356,0.5254902,0.20460977359693877,0.319888990752551,119.0,134.0,180.0,213.0,1,IMG_8521 resized_448.jpg
162.80904217155611,35.4608933179926,15,255,159.0,0.003527582908163265,0.15834761639030612,0.13064733,0.08640347,0.6392157,0.20803770727040816,0.320621412627551,123.0,140.0,186.0,212.0,1,IMG_8522 resized_448.jpg
160.8449557557398,35.96502088787601,10,255,157.0,0.0034827407525510204,0.15124760841836735,0.13243456,0.08502957,0.6627451,0.21195392219387754,0.3268445073341837,120.0,137.0,184.0,212.0,1,IMG_8523 resized_448.jpg
165.99033900669642,37.06566217507454,15,255,163.0,0.002725406568877551,0.18443080357142858,0.13178325,0.085140906,0.6431373,0.20779356664540816,0.3302475286989796,123.0,141.0,190.0,218.0,1,IMG_8524 resized_448.jpg
171.8473672672194,36.607366904316564,22,255,169.0,0.0017189492984693877,0.2191784917091837,0.1315793,0.08647149,0.6666667,0.20916374362244897,0.3365104830994898,129.0,147.0,196.0,224.0,1,IMG_8525 resized_448.jpg
172.99504743303572,35.37115995635858,22,255,171.0,0.0009018255739795918,0.22124621332908162,0.13162854,0.08308257,0.60784316,0.20606465242346939,0.3314233896683674,130.0,149.0,196.0,223.0,1,IMG_8526 resized_448.jpg
165.66848194355867,34.819816296171176,22,255,163.0,0.0007473692602040816,0.16624481823979592,0.12315699,0.07918424,0.64705884,0.1670868542729592,0.33974908322704084,124.0,143.0,188.0,214.0,1,IMG_8527 resized_448.jpg
162.27438416772958,36.63715339879925,18,255,159.0,0.0017338966836734694,0.15960319674744897,0.12861751,0.08362978,0.627451,0.19690190529336735,0.3337352519132653,119.0,138.0,186.0,214.0,1,IMG_8528 resized_448.jpg
172.3064811862245,27.0126611324032,23,255,171.0,0.000817123724489796,0.13529874840561223,0.09126127,0.06494466,0.53333336,0.054851921237244895,0.25417032047193877,143.0,157.0,188.0,206.0,1,IMG_8529 resized_448.jpg
154.9231505102041,34.08351213348798,23,255,151.0,0.003547512755102041,0.10523955676020408,0.11463969,0.07857503,0.58431375,0.14215959821428573,0.30651108099489793,117.0,133.0,175.0,202.0,1,IMG_8530 resized_448.jpg
171.5459582270408,34.67132066605604,18,255,171.0,0.0029097576530612247,0.19357362085459184,0.11564167,0.0810407,0.627451,0.13776008450255103,0.32743742028061223,131.0,152.0,193.0,216.0,1,IMG_8531 resized_448.jpg
163.76504703443877,35.193132336943336,22,255,164.0,0.0019630899234693877,0.14519391741071427,0.11336714,0.07758964,0.5686275,0.13585180165816327,0.33230030293367346,121.0,144.0,186.0,209.0,1,IMG_8532 resized_448.jpg
170.93912926498726,33.55747265117216,24,255,171.0,0.0013303172831632653,0.1791095344387755,0.111841604,0.07773705,0.6,0.12516940369897958,0.31407944036989793,131.0,152.0,192.0,214.0,1,IMG_8533 resized_448.jpg
157.23733956473214,18.546539507940476,47,255,157.0,4.982461734693877e-06,0.01094646843112245,0.05387305,0.036212783,0.27450982,0.000812141262755102,0.2012615593112245,134.0,145.0,170.0,181.0,0,IMG_20180705_130729936 resized_448.jpg
157.72836615114795,18.85795942456826,37,255,157.0,4.982461734693877e-06,0.021569076849489797,0.05004683,0.034279395,0.26666668,0.00043347417091836734,0.1495087292729592,135.0,145.0,169.0,181.0,0,IMG_20180705_130731751 resized_448.jpg
159.7792819276148,18.04966964321702,49,255,160.0,4.982461734693877e-06,0.012934470663265306,0.052096017,0.034983817,0.27450982,0.0005331234056122449,0.18788364955357142,137.0,148.0,172.0,182.0,0,IMG_20180705_130732496 resized_448.jpg
160.02154914700256,17.297107862572137,42,255,160.0,4.982461734693877e-06,0.011803451849489796,0.050928306,0.03440393,0.27450982,0.0004035794005102041,0.1630859375,138.0,148.0,172.0,182.0,0,IMG_20180705_130732993 resized_448.jpg
166.10759127869898,21.2723271288414,84,255,164.0,0.0,0.06574358258928571,0.047896113,0.033411805,0.24313726,0.00020926339285714285,0.13245376275510204,141.0,152.0,178.0,193.0,0,IMG_20180705_130733329 resized_448.jpg
167.26761798469389,21.250791048124032,85,255,166.0,0.0,0.06326729910714286,0.04825196,0.03367251,0.23921569,0.00023915816326530612,0.1643664301658163,142.0,153.0,180.0,193.0,0,IMG_20180705_130733660 resized_448.jpg
159.46969666772958,18.07090053829121,76,255,159.0,0.0,0.02085160235969388,0.04664667,0.032163925,0.23137255,0.00018933354591836734,0.11756616709183673,138.0,147.0,170.0,182.0,0,IMG_20180705_130733991 resized_448.jpg
159.19893474968111,18.604174927102765,51,255,158.0,0.0,0.0274234693877551,0.043910317,0.030182743,0.2,9.964923469387754e-06,0.07944535235969388,137.0,147.0,170.0,182.0,0,IMG_20180705_130734324 resized_448.jpg
153.72513253348214,17.400086240253547,78,255,154.0,0.0,0.00530632174744898,0.05027951,0.033236504,0.21568628,0.0001096141581632653,0.16032565369897958,131.0,142.0,165.0,176.0,0,IMG_20180705_130734659 resized_448.jpg
152.84964425223214,17.96295737856098,68,255,153.0,0.0,0.005869339923469388,0.051620767,0.0340834,0.22352941,0.0002242107780612245,0.1797722018494898,130.0,141.0,165.0,176.0,0,IMG_20180705_130734991 resized_448.jpg
153.2267518335459,17.895244302179353,62,255,153.0,0.0,0.006467235331632653,0.051773265,0.034327865,0.25490198,0.0003288424744897959,0.1841717155612245,130.0,141.0,165.0,176.0,0,IMG_20180705_130735324 resized_448.jpg
153.92998146524235,17.144549045382398,71,255,154.0,0.0,0.005939094387755102,0.050902277,0.0337886,0.26666668,0.0003089126275510204,0.15783442283163265,132.0,142.0,165.0,175.0,0,IMG_20180705_130735657 resized_448.jpg
155.3214734135842,18.694710042768726,74,255,155.0,0.0,0.01617805325255102,0.05131566,0.03422934,0.26666668,0.0005530532525510204,0.17077387595663265,132.0,143.0,167.0,178.0,0,IMG_20180705_130735989 resized_448.jpg
155.21006556919642,18.409365752702577,75,254,155.0,0.0,0.010876713966836735,0.052153695,0.03455374,0.27450982,0.0003736846301020408,0.18054946588010204,132.0,143.0,167.0,178.0,0,IMG_20180705_130736323 resized_448.jpg
152.65479512117346,18.644993595027024,46,253,153.0,4.982461734693877e-06,0.0074238679846938774,0.053826537,0.035391543,0.2784314,0.0008071588010204082,0.20729033801020408,129.0,140.0,165.0,176.0,0,IMG_20180705_130736655 resized_448.jpg
150.05517578125,17.939648542621473,41,254,150.0,9.964923469387754e-06,0.004514110331632653,0.053014647,0.03486733,0.28235295,0.0008818957270408163,0.1871063855229592,127.0,138.0,162.0,172.0,0,IMG_20180705_130736987 resized_448.jpg
147.802734375,18.789697275619368,53,253,148.0,0.0,0.004299864477040816,0.054363485,0.0355574,0.30980393,0.0009665975765306122,0.21425083705357142,124.0,135.0,160.0,171.0,0,IMG_20180705_130737319 resized_448.jpg
148.41911471619898,18.70465857408684,46,254,148.0,4.982461734693877e-06,0.004758250956632653,0.053679384,0.035020445,0.2784314,0.0008270886479591837,0.20671237244897958,125.0,136.0,161.0,172.0,0,IMG_20180705_130737652 resized_448.jpg
150.96627869897958,18.769098449098976,68,253,151.0,0.0,0.006243024553571429,0.052828476,0.034896933,0.28235295,0.0007124920280612245,0.2040965800382653,127.0,138.0,163.0,175.0,0,IMG_20180705_130737985 resized_448.jpg
150.09727758290816,18.739334066745897,46,253,150.0,4.982461734693877e-06,0.00515186543367347,0.053595036,0.03492795,0.32941177,0.000891860650510204,0.21607441804846939,126.0,137.0,163.0,174.0,0,IMG_20180705_130738321 resized_448.jpg
151.6984713807398,18.237871263864726,71,254,152.0,0.0,0.005610251913265306,0.052524116,0.03423456,0.2509804,0.0003736846301020408,0.19056421396683673,128.0,139.0,164.0,175.0,0,IMG_20180705_130738655 resized_448.jpg
153.88418765943877,17.62785016989041,75,254,154.0,0.0,0.006018813775510204,0.051229633,0.033784743,0.24705882,0.00039361447704081633,0.16884068080357142,131.0,142.0,166.0,176.0,0,IMG_20180705_130738987 resized_448.jpg
155.43303571428572,17.801572574602126,63,255,155.0,0.0,0.008275868941326531,0.05021569,0.03373156,0.24313726,0.0003587372448979592,0.14964325573979592,133.0,143.0,167.0,178.0,0,IMG_20180705_130739321 resized_448.jpg
156.58370535714286,17.690316116712882,37,255,156.0,4.982461734693877e-06,0.009222536670918368,0.05078119,0.03383497,0.29411766,0.0003786670918367347,0.15382354113520408,134.0,144.0,168.0,179.0,0,IMG_20180705_130739654 resized_448.jpg
155.69269670758928,17.248633083983034,41,255,156.0,4.982461734693877e-06,0.007149832589285714,0.051049992,0.033905055,0.2627451,0.0003587372448979592,0.15726642219387754,134.0,144.0,167.0,177.70000000001164,0,IMG_20180705_130739987 resized_448.jpg
156.31651088169642,17.696324487922826,56,255,156.0,0.0,0.008883729272959183,0.05102545,0.034130108,0.26666668,0.0003736846301020408,0.16542271205357142,134.0,144.0,168.0,179.0,0,IMG_20180705_130740323 resized_448.jpg
157.06797572544642,18.696793077547145,48,255,157.0,4.982461734693877e-06,0.015281210140306123,0.05120998,0.03435113,0.25882354,0.0003537547831632653,0.17747528698979592,133.0,144.0,169.0,180.0,0,IMG_20180705_130740656 resized_448.jpg
158.62070013552295,19.411695320464148,51,255,158.0,0.0,0.01913265306122449,0.05151008,0.034830414,0.25490198,0.0005181760204081633,0.19366828762755103,134.0,145.0,171.0,183.0,0,IMG_20180705_130740989 resized_448.jpg
167.10231983418367,25.308647268353877,67,255,164.0,0.0,0.07427355707908163,0.04897899,0.034923423,0.25882354,0.00029894770408163266,0.17017598054846939,140.0,151.0,178.0,193.0,0,IMG_20180705_130741322 resized_448.jpg
158.75273537149235,17.91619894234874,75,255,159.0,0.0,0.012441206951530613,0.05160035,0.033615332,0.23529412,0.00021424585459183673,0.19699657206632654,136.0,147.0,171.0,181.0,0,IMG_20180705_130741655 resized_448.jpg
162.84204599808675,19.77096523081965,80,254,161.0,0.0,0.04030811543367347,0.047584213,0.03242132,0.23529412,0.00019431600765306122,0.14134247448979592,139.0,149.0,175.0,188.0,0,IMG_20180705_130741989 resized_448.jpg
160.1487812898597,17.475499066164748,69,255,160.0,0.0,0.013168646364795918,0.049621962,0.03289109,0.23137255,0.0001793686224489796,0.14036591198979592,138.0,148.0,172.0,182.0,0,IMG_20180705_130742323 resized_448.jpg
166.3328483737245,24.63618047302371,66,255,164.0,0.0,0.08055644132653061,0.04765676,0.033509452,0.24313726,0.000323860012755102,0.14954858896683673,138.0,150.0,179.0,196.0,0,IMG_20180705_130742655 resized_448.jpg
166.0569844148597,25.054546209030207,57,255,163.0,0.0,0.09140326052295919,0.048437536,0.03401832,0.24705882,0.0002889827806122449,0.1512775031887755,138.0,149.0,178.0,198.0,0,IMG_20180705_130742988 resized_448.jpg
161.04697963169642,21.836406601950287,66,255,159.0,0.0,0.049306441326530615,0.050459307,0.034352716,0.25490198,0.00045340401785714287,0.17306580835459184,135.0,146.0,173.0,188.0,0,IMG_20180705_130743321 resized_448.jpg
159.1318359375,20.08186837536936,65,255,158.0,0.0,0.028375119579081634,0.051555,0.03430913,0.23921569,0.00045340401785714287,0.17915437659438777,134.0,146.0,171.0,184.0,0,IMG_20180705_130743653 resized_448.jpg
157.3226692044005,19.169149614238624,60,255,157.0,0.0,0.015221420599489796,0.052686915,0.034774583,0.24705882,0.00038863201530612245,0.2026965082908163,133.0,144.0,170.0,181.0,0,IMG_20180705_130743987 resized_448.jpg
157.08988360969389,19.2976712091585,76,254,157.0,0.0,0.016003667091836735,0.052268602,0.03444481,0.23137255,0.0002491230867346939,0.1922183912627551,133.0,144.0,170.0,182.0,0,IMG_20180705_130744320 resized_448.jpg
157.86258868781889,20.92024057957063,63,255,157.0,0.0,0.02573441485969388,0.053142704,0.034900736,0.23529412,0.0002192283163265306,0.2147540656887755,132.0,144.0,171.0,183.0,0,IMG_20180705_130744653 resized_448.jpg
162.8888612085459,28.030868636395677,49,255,159.0,4.982461734693877e-06,0.08731265943877552,0.05072369,0.034829494,0.2509804,0.00033880739795918367,0.20851104113520408,132.0,144.0,175.0,196.0,0,IMG_20180705_130744988 resized_448.jpg
155.83606206154337,18.97723473028317,61,255,156.0,0.0,0.010209064094387755,0.053670418,0.034802195,0.24705882,0.00034877232142857144,0.20873026945153061,131.0,143.0,169.0,180.0,0,IMG_20180705_130745320 resized_448.jpg
157.3056192203444,18.777875036152047,70,255,157.0,0.0,0.011853276466836735,0.05257662,0.03429068,0.24705882,0.0003288424744897959,0.19567123724489796,133.0,145.0,170.0,181.0,0,IMG_20180705_130745654 resized_448.jpg
156.68580098054846,19.539783250140314,67,255,156.0,0.0,0.0157894212372449,0.05405426,0.035251927,0.27058825,0.00041354432397959186,0.224365234375,132.0,144.0,169.0,181.0,0,IMG_20180705_130745987 resized_448.jpg
166.3494100765306,28.394802179046685,66,255,163.0,0.0,0.09666972257653061,0.049312573,0.03500163,0.24705882,0.0002889827806122449,0.2000308912627551,135.0,148.0,178.0,199.0,0,IMG_20180705_130746319 resized_448.jpg
157.6371920838648,18.902169563039728,73,255,158.0,0.0,0.011374960140306123,0.053300895,0.034518056,0.24705882,0.00034877232142857144,0.21340880102040816,133.0,145.0,171.0,181.0,0,IMG_20180705_130746652 resized_448.jpg
158.34717793367346,20.504085775523457,60,255,158.0,0.0,0.020707110969387755,0.05428318,0.03582981,0.25882354,0.00046336894132653064,0.2250029894770408,132.0,144.0,172.0,184.0,0,IMG_20180705_130746985 resized_448.jpg
158.0758729272959,17.58566811044551,72,255,158.0,0.0,0.009232501594387755,0.053453535,0.034737937,0.24705882,0.0003089126275510204,0.18827726403061223,135.0,146.0,170.0,180.0,0,IMG_20180705_130747318 resized_448.jpg
159.0994499362245,19.804470225490842,72,254,159.0,0.0,0.021016023596938774,0.053282976,0.03477106,0.23137255,0.0002939652423469388,0.22315947863520408,134.0,146.0,172.0,185.0,0,IMG_20180705_130747652 resized_448.jpg
160.29924665178572,19.93201475725,68,254,160.0,0.0,0.028006417410714284,0.052228197,0.03458758,0.25490198,0.0003138950892857143,0.2094776387117347,135.0,147.0,173.0,184.0,0,IMG_20180705_130747985 resized_448.jpg
159.86318658322705,18.72111378218614,74,255,160.0,0.0,0.019167530293367346,0.05252191,0.03458088,0.2509804,0.0003138950892857143,0.19422134088010204,136.0,147.0,172.0,183.0,0,IMG_20180705_130748317 resized_448.jpg
159.07727299904337,19.34001359107111,72,255,159.0,0.0,0.02025370695153061,0.053452775,0.034540366,0.24705882,0.0003288424744897959,0.220703125,135.0,146.0,171.0,183.0,0,IMG_20180705_130748649 resized_448.jpg
152.95525749362244,36.5775761350345,5,255,156.0,0.005241549744897959,0.07437320631377552,0.111400306,0.07668232,0.5019608,0.13805404974489796,0.36118861607142855,104.0,130.0,179.0,196.0,0,IMG_8658 resized_448.jpg
161.86146265146684,35.746217238195186,14,255,165.0,0.0025858976403061226,0.1236098931760204,0.10170448,0.06873173,0.4862745,0.09542410714285714,0.35965401785714285,114.0,140.0,187.0,204.0,0,IMG_8659 resized_448.jpg
150.6173768335459,38.139946078475226,1,255,153.0,0.007827447385204082,0.07905173788265306,0.11773489,0.08154063,0.5372549,0.1614367426658163,0.35097456951530615,101.0,126.0,177.0,196.0,0,IMG_8660 resized_448.jpg
163.06461754623726,35.67617448795987,4,255,167.0,0.0020228794642857145,0.1299774792729592,0.092112444,0.06286855,0.4745098,0.06586814413265306,0.34658003826530615,115.0,140.0,188.0,205.0,0,IMG_8661 resized_448.jpg
158.64982760682398,36.495284548477365,0,255,162.0,0.003941127232142857,0.10873724489795919,0.092072494,0.060822897,0.40392157,0.05955536511479592,0.360172193877551,110.0,135.0,185.0,202.0,0,IMG_8662 resized_448.jpg
161.57211615114795,32.948991367279746,14,255,164.0,0.0010662468112244898,0.09593231823979592,0.091153964,0.05841245,0.43137255,0.049351283482142856,0.3516222895408163,118.0,140.0,184.0,200.0,0,IMG_8663 resized_448.jpg
155.22653260522958,32.43747208042827,7,255,156.0,0.001953125,0.07241011639030612,0.08683001,0.05569314,0.4745098,0.03712930484693878,0.3496791294642857,114.0,135.0,176.0,195.0,0,IMG_8664 resized_448.jpg
157.15548768335458,31.536565286269422,0,255,158.0,0.0017787388392857143,0.07425362723214286,0.08644212,0.053336382,0.42352942,0.03229133450255102,0.3488919005102041,118.0,137.0,178.0,196.0,0,IMG_8665 resized_448.jpg
165.79350685586735,29.607051822642187,13,255,168.0,0.0009117904974489796,0.09888691804846939,0.080638334,0.053510983,0.43529412,0.028773716517857144,0.3468740035076531,127.0,148.0,186.0,200.0,0,IMG_8666 resized_448.jpg
164.77755301339286,33.369833711547976,1,255,167.0,0.0023018973214285715,0.1210140306122449,0.10063201,0.07335478,0.57254905,0.1026187818877551,0.32710359534438777,122.0,145.0,187.0,203.0,0,IMG_8667 resized_448.jpg
165.2782356106505,29.169402995496018,19,255,167.0,0.0006128427933673469,0.09673947704081633,0.07894885,0.05129992,0.4117647,0.023621851084183673,0.34572305484693877,128.0,148.0,185.0,200.0,0,IMG_8668 resized_448.jpg
165.4486308195153,28.835453359618697,10,255,169.0,0.0008470184948979591,0.08133370535714286,0.07945569,0.052812666,0.38039216,0.02800143494897959,0.3449657206632653,128.0,149.0,185.0,198.0,0,IMG_8669 resized_448.jpg
164.79534040178572,31.765252352013892,12,255,169.0,0.0017737563775510204,0.09797014508928571,0.08821939,0.06046788,0.44313726,0.05513093909438776,0.35256397480867346,122.0,147.0,186.0,200.0,0,IMG_8670 resized_448.jpg
162.83001335299744,37.20500222975128,8,255,168.0,0.004489198022959184,0.1358368542729592,0.10601819,0.075244255,0.4862745,0.12455656090561225,0.358219068877551,111.0,140.0,190.0,205.0,0,IMG_8671 resized_448.jpg
155.83391960299744,31.76610229651471,1,255,158.0,0.0026357222576530613,0.06304807079081633,0.09361646,0.06455451,0.4862745,0.06922632334183673,0.33646065848214285,116.0,137.0,176.0,193.0,0,IMG_8672 resized_448.jpg
168.19565130739795,30.064763809841434,13,255,169.0,0.0005430883290816327,0.13814373405612246,0.08224472,0.06024359,0.47843137,0.048593949298469385,0.3132822464923469,130.0,150.0,189.0,205.0,0,IMG_8673 resized_448.jpg
168.04612264827807,31.92575616116988,20,255,169.0,0.0003089126275510204,0.16319555165816327,0.082167126,0.056450836,0.46666667,0.03777702487244898,0.33616171077806123,126.0,147.0,191.0,209.0,0,IMG_8674 resized_448.jpg
171.56821986607142,32.29125974722306,17,255,173.0,0.0004384566326530612,0.19488899075255103,0.080283545,0.055958368,0.45882353,0.03613779496173469,0.336116868622449,129.0,151.0,195.0,212.0,0,IMG_8675 resized_448.jpg
151.8937390385842,40.23665796057218,0,255,154.0,0.00677116549744898,0.109130859375,0.116035305,0.07603543,0.5019608,0.14645946269132654,0.3779296875,98.0,125.0,181.0,202.0,0,IMG_8676 resized_448.jpg
155.53882334183675,32.21451024929733,1,255,157.0,0.0019232302295918368,0.07196667729591837,0.094575316,0.059035186,0.41568628,0.054587850765306124,0.3613331074617347,115.0,135.0,176.0,194.0,0,IMG_8677 resized_448.jpg
154.0908751195791,34.91051615597707,0,255,156.0,0.003871372767857143,0.07879264987244898,0.10161908,0.06708666,0.4745098,0.08875259088010204,0.36605648118622447,109.0,132.0,178.0,196.0,0,IMG_8678 resized_448.jpg
151.83304767219389,34.8313859218917,0,255,154.0,0.00539600605867347,0.06810028698979592,0.0845951,0.054646596,0.45882353,0.03632712850765306,0.3483139349489796,107.0,131.0,175.0,194.0,0,IMG_8679 resized_448.jpg
160.65901028380102,31.767833408748906,6,255,161.0,0.0011260363520408164,0.09886200573979592,0.08274653,0.051201575,0.43529412,0.023432517538265307,0.3446069834183674,121.0,140.0,182.0,200.0,0,IMG_8680 resized_448.jpg
172.5658332669005,26.489412329578556,14,255,174.0,0.00014947385204081633,0.13068997130102042,0.07399181,0.04802004,0.4392157,0.01542071906887755,0.33620655293367346,138.0,156.0,190.0,204.0,0,IMG_8681 resized_448.jpg
166.10886180644133,26.51427668664253,34,255,167.0,5.978954081632653e-05,0.08641083386479592,0.07500923,0.04711585,0.40392157,0.013676857461734694,0.340396803252551,132.0,149.0,183.0,198.0,0,IMG_8682 resized_448.jpg
164.16744559151786,25.56520716370302,43,255,164.0,1.992984693877551e-05,0.07126913265306123,0.07037919,0.043957107,0.36078432,0.00809650031887755,0.3281798070790816,132.0,147.0,181.0,196.0,0,IMG_8683 resized_448.jpg
146.6941366390306,36.034731187865304,1,255,149.0,0.008524992028061224,0.05642637914540816,0.097847775,0.062976286,0.52156866,0.0682846380739796,0.3596938775510204,100.0,125.0,170.0,189.0,0,IMG_8684 resized_448.jpg
150.51325833067602,32.53846351532243,13,255,151.0,0.0012406329719387755,0.06262456154336735,0.10369733,0.06337871,0.45882353,0.07852857940051021,0.35874720982142855,110.0,130.0,171.0,191.0,0,IMG_8685 resized_448.jpg
145.9907077088648,38.293424349397206,7,255,148.0,0.0030691964285714285,0.06669523278061225,0.12158441,0.07414949,0.44705883,0.1583874760841837,0.3887964365433674,93.0,119.0,174.0,194.0,0,IMG_8686 resized_448.jpg
154.02253567442602,39.73190240391379,19,255,156.0,0.001828563456632653,0.12089943399234694,0.12730777,0.07612996,0.4745098,0.18137157206632654,0.39066485969387754,99.0,126.0,183.0,204.0,0,IMG_8687 resized_448.jpg
149.52199756855867,41.73252185651256,12,255,152.0,0.0036870216836734694,0.11079500159438775,0.14355282,0.091020234,0.53333336,0.2692024075255102,0.3852040816326531,92.0,119.0,181.0,203.0,0,IMG_8688 resized_448.jpg
131.32066625478316,44.69630122632159,4,255,131.0,0.02454360650510204,0.06103515625,0.16458465,0.10506297,0.58431375,0.3622299505739796,0.37941446109693877,71.0,98.0,164.0,190.0,0,IMG_8689 resized_448.jpg
149.4919583067602,41.50048869982322,18,255,152.0,0.0039809869260204085,0.10989317602040816,0.13503817,0.083289,0.52156866,0.2237922512755102,0.38903061224489793,92.0,120.0,180.0,202.0,0,IMG_8690 resized_448.jpg
145.07954998405611,41.505973596018116,9,255,147.0,0.007000358737244898,0.0872329400510204,0.13656643,0.084182575,0.5019608,0.22873983577806123,0.390316087372449,88.0,116.0,175.0,198.0,0,IMG_8691 resized_448.jpg
144.00359733737244,42.12680342937438,11,255,145.0,0.008470184948979591,0.08750199298469388,0.1380127,0.08423756,0.5137255,0.2344696667729592,0.39010682397959184,87.0,114.0,175.0,198.0,0,IMG_8692 resized_448.jpg
139.52034339126274,44.566183986869845,11,255,141.0,0.01297931281887755,0.08445770886479592,0.13832548,0.08592602,0.5058824,0.24239178093112246,0.38584183673469385,78.0,106.0,173.0,197.0,0,IMG_8693 resized_448.jpg
135.7007832429847,45.55443247308877,4,255,137.0,0.02102100605867347,0.07632134885204081,0.1433908,0.08723149,0.5647059,0.2642847177933674,0.3886220503826531,73.0,101.0,170.0,195.0,0,IMG_8694 resized_448.jpg
138.8564004703444,45.14868867637032,1,255,141.0,0.02182816485969388,0.08392956792091837,0.14433298,0.089716755,0.5647059,0.2605777662627551,0.3891501913265306,76.0,106.0,172.0,197.0,0,IMG_8695 resized_448.jpg
141.29586854272958,45.14900685667483,6,255,143.0,0.016158123405612245,0.0940688775510204,0.14677092,0.088535726,0.5411765,0.2722217793367347,0.39163145727040816,79.0,108.0,175.0,199.0,0,IMG_8696 resized_448.jpg
146.98147022480867,45.329767562682036,12,255,150.0,0.012152224170918368,0.12132294323979592,0.14705367,0.08918146,0.53333336,0.275081712372449,0.391178053252551,84.0,114.0,181.0,205.0,0,IMG_8697 resized_448.jpg
133.8205117984694,46.67770373885641,0,255,135.0,0.030766701211734693,0.07910654496173469,0.15762924,0.09839368,0.5764706,0.3241489955357143,0.38320113201530615,70.0,99.0,168.0,195.0,0,IMG_8698 resized_448.jpg
133.4283372528699,46.896052844293635,0,255,135.0,0.033771125637755105,0.07653559470663265,0.15800577,0.098417126,0.5803922,0.3285584741709184,0.3825085698341837,69.0,98.0,168.0,195.0,0,IMG_8699 resized_448.jpg
134.10099948182398,46.42053940007888,1,255,136.0,0.033013791454081634,0.07497608418367346,0.15560326,0.09696793,0.58431375,0.31196687659438777,0.38560766103316324,70.0,100.0,168.0,194.0,0,IMG_8700 resized_448.jpg
140.432373046875,45.92200872978973,1,255,142.0,0.01739875637755102,0.09978376116071429,0.14854817,0.09192271,0.5529412,0.27978515625,0.3823391661352041,78.0,107.0,174.0,200.0,0,IMG_8701 resized_448.jpg
132.61694834183675,46.03735096955392,0,255,132.0,0.02928691007653061,0.07508071588010204,0.14706495,0.09009912,0.6431373,0.2684849330357143,0.38374920280612246,71.0,99.0,166.0,194.0,0,IMG_8702 resized_448.jpg
128.54161352040816,45.30892196705669,1,255,129.0,0.0374382174744898,0.05717873086734694,0.14549848,0.089782245,0.56078434,0.2630191725127551,0.38522899394132654,68.0,95.0,161.0,188.0,0,IMG_8703 resized_448.jpg
139.78051259566325,48.833129546639526,0,255,142.0,0.028280452806122448,0.11223991549744898,0.16540633,0.10240491,0.5921569,0.3564951371173469,0.39047552614795916,72.0,103.0,177.0,203.0,0,IMG_8704 resized_448.jpg
148.04112523915816,49.87475807166438,1,255,150.0,0.01870914381377551,0.1626923230229592,0.16256449,0.097429,0.6,0.3428332270408163,0.3908143335459184,78.0,111.0,186.0,213.0,0,IMG_8705 resized_448.jpg
146.33371532206633,42.14542381706818,15,255,147.0,0.005107023278061225,0.1036800462372449,0.12803677,0.073672555,0.5921569,0.17208426339285715,0.3871223294005102,90.0,116.0,177.0,201.0,0,IMG_8706 resized_448.jpg
146.84482122927295,42.748220726306215,0,255,149.0,0.006955516581632653,0.10567303093112244,0.13227764,0.07684291,0.49803922,0.19658801020408162,0.3879294882015306,88.0,116.0,178.0,202.0,0,IMG_8707 resized_448.jpg
145.02515644929846,43.11265501365982,0,255,147.0,0.008370535714285714,0.09933533960459184,0.13450524,0.07888515,0.49803922,0.20954241071428573,0.3891701211734694,86.0,114.0,177.0,200.0,0,IMG_8708 resized_448.jpg
148.90838249362244,43.00104209457918,1,255,151.0,0.0071896922831632655,0.1161362005739796,0.12750933,0.073241346,0.49411765,0.17185507015306123,0.3865543287627551,90.0,118.0,181.0,204.0,0,IMG_8709 resized_448.jpg
146.70790318080358,44.561190191432026,4,255,149.0,0.01044822225765306,0.11712771045918367,0.13719076,0.08057421,0.5372549,0.22292530293367346,0.3878696986607143,85.0,115.0,180.0,204.0,0,IMG_8710 resized_448.jpg
146.890380859375,44.48491644279428,7,255,149.0,0.011205556441326531,0.11556819993622448,0.1361381,0.08100897,0.5254902,0.21724031409438777,0.38930963010204084,85.0,115.0,180.0,204.0,0,IMG_8711 resized_448.jpg
148.0123963647959,44.04377503449635,9,255,150.0,0.010004783163265306,0.11936483577806123,0.13122332,0.07733858,0.5294118,0.1925372688137755,0.38563257334183676,87.0,117.0,181.0,204.0,0,IMG_8712 resized_448.jpg
150.12875677614795,43.88632735933317,10,255,152.0,0.0077377630739795915,0.13206513073979592,0.13385801,0.07853579,0.5019608,0.20441047512755103,0.38657924107142855,90.0,119.0,183.0,206.0,0,IMG_8713 resized_448.jpg
146.7066575653699,43.988920580637746,1,255,149.0,0.010572783801020409,0.11258868781887756,0.13572879,0.07854608,0.54901963,0.21239237882653061,0.38736148756377553,86.0,115.0,179.0,203.0,0,IMG_8714 resized_448.jpg
146.8573222257653,44.09123214460153,1,255,149.0,0.010149274553571428,0.11382433832908163,0.13547981,0.078588836,0.54901963,0.2119140625,0.38758569834183676,86.0,115.0,180.0,203.0,0,IMG_8715 resized_448.jpg
148.07355110012756,43.50143997854521,6,255,150.0,0.00787727200255102,0.1179996412627551,0.13052519,0.074892804,0.5058824,0.18447066326530612,0.38538345025510207,89.0,117.0,180.0,204.0,0,IMG_8716 resized_448.jpg
150.2556750239158,42.3853415077159,4,255,152.0,0.005246532206632653,0.12120336415816327,0.12940829,0.075192876,0.5176471,0.1801159917091837,0.38447664221938777,92.0,120.0,181.0,205.0,0,IMG_8717 resized_448.jpg
148.48340840242346,43.29727568084891,4,255,151.0,0.00787727200255102,0.11650988520408163,0.13129377,0.0770595,0.49019608,0.19249740911989796,0.38478555484693877,89.0,118.0,180.0,204.0,0,IMG_8718 resized_448.jpg
147.5417330994898,44.20776530082031,8,255,150.0,0.01083187181122449,0.11802455357142858,0.13070947,0.07665557,0.5019608,0.1882274394132653,0.3872767857142857,87.0,116.0,180.0,204.0,0,IMG_8719 resized_448.jpg
149.88743124202807,42.973423083901594,18,255,152.0,0.0067263233418367345,0.12020687181122448,0.13090973,0.0767852,0.5058824,0.19059909119897958,0.38436702806122447,91.0,119.0,182.0,204.0,0,IMG_8720 resized_448.jpg
130.81708884725765,45.90348508929133,3,255,131.0,0.029730349170918366,0.06516561702806123,0.15684564,0.09751427,0.5803922,0.32423867984693877,0.3833107461734694,69.0,96.0,164.0,191.0,0,IMG_8721 resized_448.jpg
155.65778958067602,40.284366354719936,23,255,158.0,0.002650669642857143,0.13681839923469388,0.11312932,0.0655461,0.43137255,0.10511997767857142,0.3817113759566326,100.0,128.0,185.0,207.0,0,IMG_8722 resized_448.jpg
151.66423688616072,40.26531250989441,19,255,154.0,0.003298389668367347,0.11252889827806123,0.1173796,0.06764391,0.44313726,0.12306182238520408,0.38497987085459184,97.0,123.0,181.0,203.0,0,IMG_8723 resized_448.jpg
150.43386280293367,40.052452735125726,16,255,152.0,0.0038514429209183672,0.10523457429846939,0.114510514,0.06587388,0.5058824,0.1077407525510204,0.3860710299744898,96.0,122.0,180.0,201.0,0,IMG_8724 resized_448.jpg
149.8592454559949,39.983420267726764,15,255,152.0,0.00417530293367347,0.10144292091836735,0.11415098,0.065502554,0.44705883,0.10570292570153061,0.3830018335459184,96.0,122.0,179.0,201.0,0,IMG_8725 resized_448.jpg
150.91475506218111,39.9310911538665,20,255,152.0,0.0034877232142857145,0.10703324298469388,0.11806526,0.06818937,0.44705883,0.1236098931760204,0.385433274872449,97.0,123.0,180.0,202.0,0,IMG_8726 resized_448.jpg
149.44503348214286,40.29787456235302,15,255,151.0,0.005112005739795918,0.10225007971938775,0.11908626,0.06836827,0.46666667,0.12770049426020408,0.386409837372449,95.0,121.0,179.0,201.0,0,IMG_8727 resized_448.jpg
150.3949746890944,40.26208781397289,13,255,152.0,0.004404496173469388,0.10770089285714286,0.119453214,0.06811594,0.45882353,0.12859235491071427,0.38388871173469385,96.0,122.0,180.0,202.0,0,IMG_8728 resized_448.jpg
151.71843112244898,39.72050152864664,17,255,153.0,0.003208705357142857,0.11171177455357142,0.11939354,0.068491794,0.44313726,0.1293995137117347,0.3822694116709184,98.0,124.0,181.0,203.0,0,IMG_8729 resized_448.jpg
151.92728097098214,39.760067037322735,20,255,153.0,0.0031987404336734694,0.11203563456632654,0.115757994,0.06596603,0.45490196,0.112060546875,0.3820750956632653,98.0,124.0,181.0,203.0,0,IMG_8730 resized_448.jpg
151.8372179926658,39.47529836023252,6,255,153.0,0.003288424744897959,0.10948461415816327,0.11554117,0.06616218,0.45882353,0.11170180963010204,0.38259825414540816,99.0,124.0,181.0,202.0,0,IMG_8731 resized_448.jpg
162.47941745057398,31.122254920598465,54,255,163.0,0.0,0.1029476243622449,0.091500595,0.05071122,0.36862746,0.022899394132653062,0.30581851881377553,122.0,143.0,181.0,201.0,0,IMG_8747 resized_448.jpg
147.9926309390944,32.65494136295338,9,255,144.0,0.0019182477678571428,0.07163783482142858,0.108877204,0.06678775,0.49411765,0.09348592952806123,0.3225695551658163,112.0,127.0,165.0,191.0,0,IMG_8748 resized_448.jpg
156.0186543367347,28.173142448575216,40,255,152.0,4.982461734693877e-06,0.07920121173469388,0.1062013,0.059954643,0.3882353,0.06800562021683673,0.3113390864158163,124.0,137.0,170.0,195.0,0,IMG_8749 resized_448.jpg
159.40712193080358,26.41099034592711,57,255,155.0,0.0,0.08139847735969388,0.09864165,0.0578841,0.40784314,0.04791135204081633,0.2686294244260204,130.0,142.0,173.0,196.0,0,IMG_8750 resized_448.jpg
157.24338827327807,26.071073272851024,51,255,154.0,0.0,0.06916155133928571,0.097434685,0.05651568,0.38039216,0.04197724011479592,0.27144949776785715,128.0,140.0,170.0,192.0,0,IMG_8751 resized_448.jpg
156.05372090242346,29.29485858547467,25,255,153.0,0.0001096141581632653,0.08099489795918367,0.10392333,0.05834788,0.3764706,0.05743781887755102,0.3192761479591837,123.0,137.0,171.0,195.0,0,IMG_8752 resized_448.jpg
158.14738121811226,29.278757107216567,36,255,155.0,0.00011957908163265306,0.08670978156887756,0.10622205,0.0671614,0.5019608,0.09343610491071429,0.2763073979591837,125.0,139.0,173.0,197.0,0,IMG_8753 resized_448.jpg
162.0730528539541,27.321604087599976,31,255,159.0,5.978954081632653e-05,0.09160754145408163,0.10411726,0.06267151,0.59607846,0.07525011957908163,0.28528579400510207,131.0,144.0,176.0,198.0,0,IMG_8754 resized_448.jpg
149.62590182557398,29.850836136068434,14,255,146.0,0.00027901785714285713,0.06646603954081633,0.10957925,0.065202385,0.4117647,0.09378487723214286,0.28623744419642855,116.0,130.0,164.0,189.0,0,IMG_8755 resized_448.jpg
150.9285265864158,29.355800495462617,36,255,147.0,3.487723214285714e-05,0.06906688456632654,0.10684488,0.068239294,0.44313726,0.10057099011479592,0.2560985331632653,119.0,131.0,165.0,190.0,0,IMG_8756 resized_448.jpg
150.32788584183675,31.30864765287322,25,255,146.0,0.00025908801020408165,0.07839405293367346,0.12059354,0.07228598,0.5058824,0.14393335459183673,0.2995555644132653,116.0,130.0,164.0,193.0,0,IMG_8757 resized_448.jpg
155.26379145408163,29.0471999501239,26,255,152.0,5.480707908163265e-05,0.07884745695153061,0.10995554,0.06598663,0.45490196,0.09589744100765306,0.3058235012755102,123.0,136.0,169.0,194.0,0,IMG_8758 resized_448.jpg
169.04192243303572,24.29108388977776,83,255,165.0,0.0,0.10763113839285714,0.089467876,0.04863958,0.35686275,0.014872648278061224,0.3077816087372449,142.0,153.0,182.0,202.0,0,IMG_8759 resized_448.jpg
169.4237832828444,22.676243609536982,80,255,166.0,0.0,0.09610172193877552,0.086819045,0.048463996,0.35686275,0.014319595025510204,0.27039321588010207,144.0,155.0,181.0,200.0,0,IMG_8760 resized_448.jpg
168.8954480229592,24.904119798991907,70,255,164.0,0.0,0.11585718271683673,0.08959035,0.048513595,0.3372549,0.015405771683673469,0.3005470742984694,142.0,152.0,182.0,204.0,0,IMG_8761 resized_448.jpg
166.06784618144133,23.313470198801294,83,255,162.0,0.0,0.09091497927295919,0.08561726,0.04796532,0.31764707,0.012884646045918368,0.2599998007015306,141.0,150.0,178.0,199.0,0,IMG_8762 resized_448.jpg
173.46113181600765,23.877226069443,81,255,170.0,0.0,0.13230927136479592,0.084633954,0.047219668,0.33333334,0.011479591836734694,0.2753956074617347,147.0,157.0,186.0,207.0,0,IMG_8763 resized_448.jpg
174.59849828603316,20.482997260038395,84,255,172.0,0.0,0.10878706951530612,0.0758275,0.045359172,0.3137255,0.007174744897959184,0.22059849330357142,152.0,161.0,185.0,202.0,0,IMG_8764 resized_448.jpg
170.49478336256377,19.877512573493643,93,255,167.0,0.0,0.08299286511479592,0.072969794,0.044219043,0.3372549,0.005630181760204082,0.19551179846938777,149.0,157.0,181.0,197.0,0,IMG_8765 resized_448.jpg
172.8773417570153,21.00371094170682,97,254,169.0,0.0,0.10369997608418367,0.072869405,0.043551367,0.3372549,0.00503726881377551,0.20086296237244897,150.0,159.0,184.0,201.0,0,IMG_8766 resized_448.jpg
169.9193040497449,22.749321175824264,94,255,166.0,0.0,0.10304727359693877,0.08259537,0.046678074,0.30980393,0.009865274234693877,0.2476432955994898,146.0,155.0,181.0,201.0,0,IMG_8767 resized_448.jpg
133.52231146364795,36.49664522186256,6,255,128.0,0.0029944595025510204,0.0584343112244898,0.13151501,0.075333856,0.4862745,0.1902702487244898,0.3422901387117347,93.0,109.0,153.0,183.0,0,IMG_8768 resized_448.jpg
131.65943379304846,33.760267201728254,13,255,125.0,0.0005929129464285714,0.05006875797193878,0.13527884,0.077576615,0.47058824,0.20989118303571427,0.322086256377551,96.0,109.0,148.0,180.0,0,IMG_8769 resized_448.jpg
142.94184470663265,31.768498392148715,20,255,138.0,0.00046336894132653064,0.06007852359693878,0.11935826,0.06990767,0.49019608,0.13267797353316327,0.31456772161989793,108.0,122.0,159.0,186.0,0,IMG_8770 resized_448.jpg
151.46443518813774,28.818398297074484,52,255,147.0,0.0,0.06685965401785714,0.10886205,0.06656537,0.4392157,0.09484614158163265,0.27353714923469385,119.0,131.0,167.0,191.0,0,IMG_8771 resized_448.jpg
158.35737205038265,32.135659159043676,35,255,155.0,3.487723214285714e-05,0.10854791135204081,0.11630027,0.06681439,0.43529412,0.11419304049744898,0.3204769212372449,120.0,135.0,179.0,202.0,0,IMG_8772 resized_448.jpg
168.7526008450255,29.97163519108322,50,255,166.0,0.0,0.1580387037627551,0.09711903,0.0624178,0.44705883,0.06190210459183673,0.2951161910076531,132.0,147.0,189.0,210.0,0,IMG_8773 resized_448.jpg
168.04204201211735,26.200849808726563,69,255,165.0,0.0,0.11581234056122448,0.090968125,0.048893247,0.3764706,0.016885562818877552,0.3209851323341837,137.0,150.0,183.0,204.0,0,IMG_8774 resized_448.jpg
170.84188655931123,24.029286317016982,75,255,168.0,0.0,0.11260861766581633,0.086136974,0.048233636,0.36078432,0.015151666135204082,0.28892797353316324,143.0,155.0,184.0,203.0,0,IMG_8775 resized_448.jpg
169.50958625637756,25.58146691411677,52,255,166.0,0.0,0.11934490593112244,0.0920886,0.055326417,0.3764706,0.03440888073979592,0.2819126674107143,141.0,152.0,184.0,204.0,0,IMG_8776 resized_448.jpg
166.9728555484694,24.790676418803862,24,255,167.0,0.0001096141581632653,0.07338169642857142,0.07557987,0.046664122,0.34509805,0.012212013711734694,0.28624242665816324,137.0,152.0,181.0,196.0,0,IMG_8777 resized_448.jpg
165.15879603794642,22.807803718301766,55,255,164.0,0.0,0.06049705038265306,0.07030432,0.04475248,0.3529412,0.007937061543367346,0.24549585459183673,138.0,151.0,178.0,192.0,0,IMG_8778 resized_448.jpg
129.5333177216199,22.47184556050053,26,254,128.0,0.00020926339285714285,0.012212013711734694,0.07260891,0.042907227,0.34117648,0.006950534119897959,0.24778778698979592,104.0,116.0,141.0,154.0,0,IMG_8779 resized_448.jpg
171.80966497927295,23.857678959274857,54,255,171.0,0.0,0.10232481664540816,0.07691614,0.045186233,0.35686275,0.0072494818239795915,0.27357202646683676,144.0,156.0,185.0,201.0,0,IMG_8781 resized_448.jpg
151.58616171077807,38.36333011203842,26,255,147.0,6.975446428571428e-05,0.12590680803571427,0.13260022,0.07881074,0.45490196,0.21226781728316327,0.366275709502551,106.0,123.0,178.0,207.0,0,IMG_8784 resized_448.jpg
156.6387316645408,31.091532612737623,47,255,154.0,1.992984693877551e-05,0.09372508769132654,0.102343775,0.06741108,0.39607844,0.08670978156887756,0.29812061543367346,119.0,134.0,177.0,199.0,0,IMG_8785 resized_448.jpg
155.83780094068877,29.445915351071697,32,255,154.0,0.00039361447704081633,0.07244001116071429,0.08866096,0.06168412,0.5372549,0.0484245455994898,0.26076709980867346,121.0,136.0,174.0,194.0,0,IMG_8786 resized_448.jpg
159.50993502869898,23.46487009330032,49,255,158.0,4.982461734693877e-06,0.04855907206632653,0.06807514,0.039757956,0.28235295,0.0027353714923469387,0.2896354830994898,132.0,144.0,173.0,188.0,0,IMG_8787 resized_448.jpg
160.81187220982142,22.35592810150337,63,255,159.0,0.0,0.04985451211734694,0.07171318,0.04108814,0.30980393,0.0035574776785714285,0.2607421875,135.0,146.0,173.0,188.0,0,IMG_8788 resized_448.jpg
167.40443140146684,23.8006507611815,42,255,166.0,1.4947385204081632e-05,0.07928591358418367,0.06871591,0.041036036,0.31764707,0.004409478635204082,0.285221022002551,139.0,152.0,181.0,196.0,0,IMG_8789 resized_448.jpg
172.86552834024235,22.388338304703915,53,255,172.0,0.0,0.0955337213010204,0.064060315,0.038203422,0.2901961,0.002117546237244898,0.2670400191326531,146.0,158.0,186.0,200.0,0,IMG_8790 resized_448.jpg
172.17047492825256,21.49242789712959,63,255,171.0,0.0,0.08725286989795919,0.06477989,0.039281927,0.28627452,0.0031837930484693877,0.2259845344387755,147.0,158.0,184.0,198.0,0,IMG_8791 resized_448.jpg
167.79031309789542,21.515582080790097,61,254,167.0,0.0,0.0684390943877551,0.06645423,0.040554617,0.2901961,0.004708426339285714,0.20895946269132654,142.0,154.0,180.0,195.0,0,IMG_8792 resized_448.jpg
169.97478874362244,23.882743673779398,45,255,169.0,4.982461734693877e-06,0.0945571588010204,0.0699665,0.041864056,0.34509805,0.006317761479591837,0.2531240035076531,140.0,155.0,184.0,200.0,0,IMG_8793 resized_448.jpg
177.29342215401786,18.482180204511703,67,255,176.0,0.0,0.09661491549744898,0.05848615,0.03423454,0.32156864,0.001549545599489796,0.20033980389030612,156.0,166.0,188.0,200.0,0,IMG_8794 resized_448.jpg
180.81593789859693,18.2452711509875,83,255,180.0,0.0,0.11829858896683673,0.058841765,0.03474832,0.3372549,0.0010463169642857143,0.2088299186862245,160.0,169.0,191.0,203.0,0,IMG_8795 resized_448.jpg
169.9021544164541,19.677638963795548,72,255,168.0,0.0,0.06663046077806123,0.062475633,0.035842817,0.27450982,0.0011559311224489796,0.24229711415816327,147.0,157.0,180.0,194.0,0,IMG_8796 resized_448.jpg
169.01444415656889,22.716094994764727,50,255,169.0,0.0,0.07892717633928571,0.05734876,0.033461206,0.25882354,0.0004982461734693878,0.28102578922193877,141.0,154.0,183.0,197.0,0,IMG_8798 resized_448.jpg
162.810546875,24.08289416135231,35,255,162.0,9.964923469387754e-06,0.06070133131377551,0.061572324,0.035577137,0.25490198,0.000896843112244898,0.30453304368622447,134.0,148.0,177.0,193.0,0,IMG_8799 resized_448.jpg
161.70351861447705,23.769524365456725,44,255,161.0,4.982461734693877e-06,0.05499143016581633,0.06215494,0.035838556,0.29803923,0.0007573341836734694,0.30113998724489793,133.0,146.0,176.0,191.0,0,IMG_8800 resized_448.jpg
166.0804219148597,19.50376572717225,83,255,164.0,0.0,0.04821029974489796,0.055300813,0.03432691,0.23529412,0.0003637197066326531,0.15480508609693877,143.0,153.0,178.0,191.0,0,IMG_8801 resized_448.jpg
167.43720603475765,22.34959234482346,52,255,166.0,0.0,0.06953025350765306,0.063091666,0.036460713,0.30980393,0.0012356505102040817,0.28224649234693877,141.0,153.0,180.0,195.0,0,IMG_8802 resized_448.jpg
164.55684988839286,23.590090579710363,43,255,164.0,2.491230867346939e-05,0.06051698022959184,0.06058691,0.035352428,0.2627451,0.0006427375637755102,0.3052604830994898,136.0,150.0,179.0,193.0,0,IMG_8803 resized_448.jpg
165.41616509885205,20.74495682298564,67,255,164.0,0.0,0.05082609215561224,0.061598137,0.036224797,0.2901961,0.0008669483418367347,0.23875458386479592,141.0,152.0,177.0,191.0,0,IMG_8804 resized_448.jpg
172.92919423628825,20.764235686248306,74,255,172.0,0.0,0.08351104113520408,0.060585562,0.03579908,0.25882354,0.0006078603316326531,0.257568359375,148.0,160.0,185.0,198.0,0,IMG_8805 resized_448.jpg
171.9464036591199,21.47817575962312,61,255,172.0,0.0,0.07922114158163265,0.06031526,0.035983972,0.29411766,0.0007971938775510204,0.2721320950255102,146.0,158.0,185.0,198.0,0,IMG_8806 resized_448.jpg
170.90796894929846,21.065083636132332,44,255,170.0,4.982461734693877e-06,0.07383510044642858,0.059966702,0.036218345,0.32156864,0.0009566326530612245,0.2339714205994898,145.0,157.0,184.0,197.0,0,IMG_8807 resized_448.jpg
170.0760871731505,23.647358203146847,42,255,171.0,4.982461734693877e-06,0.08559371014030612,0.058485508,0.035735626,0.37254903,0.0008569834183673469,0.29219148596938777,140.0,155.0,185.0,199.0,0,IMG_8808 resized_448.jpg
166.36019710618623,23.27937189283381,50,255,167.0,0.0,0.06243522799744898,0.05619734,0.03393779,0.30980393,0.00047831632653061223,0.30039760044642855,137.0,152.0,181.0,195.0,0,IMG_8809 resized_448.jpg
163.8752889827806,23.678422711506485,35,255,164.0,4.982461734693877e-06,0.05521564094387755,0.05807509,0.0346735,0.29411766,0.0004932637117346938,0.3045679209183674,134.0,149.0,179.0,193.0,0,IMG_8810 resized_448.jpg
165.5817323022959,22.695807003257304,56,255,165.0,0.0,0.05747767857142857,0.059791632,0.03549942,0.27450982,0.000448421556122449,0.2831283880739796,137.0,151.0,180.0,194.0,0,IMG_8811 resized_448.jpg
173.89439672353316,21.7564339536625,76,255,174.0,0.0,0.10134825414540816,0.059415992,0.035851724,0.24705882,0.0005032286352040816,0.26362703284438777,147.0,160.0,188.0,201.0,0,IMG_8812 resized_448.jpg
172.41713169642858,23.22624431576959,45,255,173.0,4.982461734693877e-06,0.10062579719387756,0.057648845,0.035032313,0.23921569,0.0003537547831632653,0.30823999521683676,143.0,158.0,187.0,201.0,0,IMG_8813 resized_448.jpg
173.59055125956633,21.11605730913157,70,255,173.0,0.0,0.09742207429846939,0.057789642,0.035284318,0.23921569,0.00038863201530612245,0.2511459661989796,148.0,160.0,187.0,200.0,0,IMG_8814 resized_448.jpg
160.70417629942602,23.584213957142026,41,255,161.0,1.4947385204081632e-05,0.04223134566326531,0.062709615,0.03775761,0.3019608,0.001380141900510204,0.3143833705357143,131.0,146.0,175.0,189.0,0,IMG_8815 resized_448.jpg
160.57644591039542,23.40792256692292,43,255,161.0,9.964923469387754e-06,0.04267478475765306,0.064546116,0.03863448,0.27058825,0.0015993702168367347,0.3118522799744898,132.0,146.0,175.0,188.0,0,IMG_8816 resized_448.jpg
161.07230548469389,23.681709088206436,42,255,161.0,1.4947385204081632e-05,0.043531768176020405,0.063410975,0.038290873,0.29411766,0.0014947385204081632,0.3186882174744898,132.0,147.0,176.0,189.0,0,IMG_8817 resized_448.jpg
174.13759068080358,19.65116725511613,67,255,174.0,0.0,0.07996352838010204,0.060283963,0.037327915,0.3254902,0.0016292649872448979,0.24542610012755103,150.0,162.0,186.0,198.0,0,IMG_8818 resized_448.jpg
177.06367087850765,19.621470620837673,74,255,177.0,0.0,0.10281309789540816,0.06111701,0.03787288,0.32156864,0.0018734056122448979,0.22710060586734693,154.0,165.0,188.0,201.0,0,IMG_8819 resized_448.jpg
170.0489576690051,22.034751375175038,59,255,170.0,0.0,0.0753597337372449,0.06255832,0.03789634,0.31764707,0.0019630899234693877,0.29316804846938777,144.0,157.0,183.0,196.0,0,IMG_8820 resized_448.jpg
170.11802455357142,21.859628372203076,53,255,170.0,0.0,0.07514548788265306,0.06317866,0.038032006,0.3137255,0.001913265306122449,0.28152403539540816,144.0,157.0,183.0,196.0,0,IMG_8821 resized_448.jpg
170.82678471779337,20.611570541231213,72,255,170.0,0.0,0.07341657366071429,0.06369978,0.037908886,0.30980393,0.001828563456632653,0.2578025350765306,146.0,158.0,182.0,196.0,0,IMG_8822 resized_448.jpg
170.72641302614795,21.639772456506947,46,255,170.0,4.982461734693877e-06,0.07868303571428571,0.06406527,0.038127914,0.3137255,0.0020378268494897957,0.2701440927933674,145.0,157.0,183.0,197.0,0,IMG_8823 resized_448.jpg
167.01984514508928,21.82976782599827,61,255,166.0,0.0,0.06390007174744898,0.059954997,0.035142757,0.2784314,0.0008221061862244898,0.28208705357142855,141.0,153.0,179.0,194.0,0,IMG_8824 resized_448.jpg
165.06313775510205,22.22519657135478,40,255,164.0,4.982461734693877e-06,0.057562380420918366,0.06115257,0.03584027,0.28627452,0.0012306680484693877,0.2847526705994898,139.0,151.0,178.0,192.0,0,IMG_8825 resized_448.jpg
